dominio,certificado,data_emissao,data_expiracao
1cbfb5e0794e94ccb186a288113d2e0d.viagens.magazineluiza.com.br,,ERRO: connect:errno=0,ERRO: connect:errno=0
3an2e57towv6.magazineluiza.com.br,,ERRO: connect:errno=0,ERRO: connect:errno=0
3bd16b54eecce5b3515fc1d485953357.magazineluiza.com.br,,ERRO: connect:errno=0,ERRO: connect:errno=0
3bd16b54eecce5b3515fc1d485953357.www.magazineluiza.com.br,,ERRO: connect:errno=0,ERRO: connect:errno=0
3lu3a2h775zlhvrapjq7tkluzpm6pbjn._domainkey.magazineluiza.com.br,,ERRO: connect:errno=0,ERRO: connect:errno=0
4mdq7b35m42p4n6gcifyvtyt46tpkugh._domainkey.magazineluiza.com.br,,ERRO: connect:errno=0,ERRO: connect:errno=0
4rc67ia2t5wien6gmzegmda3447u3xns._domainkey.magazineluiza.com.br,,ERRO: connect:errno=0,ERRO: connect:errno=0
57vdobfkpvovhofkspebfoab7gomsq3f._domainkey.cob.magazineluiza.com.br,,ERRO: connect:errno=0,ERRO: connect:errno=0
7k7oodzzfkgr25yocgj5sqy53qw3dvaa._domainkey.magazineluiza.com.br,,ERRO: connect:errno=0,ERRO: connect:errno=0
7w5wkcc3s7lnwrewgnygtxm2r5yrort5._domainkey.magazineluiza.com.br,,ERRO: connect:errno=0,ERRO: connect:errno=0
_09c1c31442cca7e52f366b90b9b81535.magazineluiza.com.br,,ERRO: connect:errno=0,ERRO: connect:errno=0
_0c5330a2b84d22f80e0ceb883b427c39.sacola.clube2.magazineluiza.com.br,,ERRO: connect:errno=0,ERRO: connect:errno=0
_2e063e81c4ba5be7bc36696a367f290e.sacola.clube2.magazineluiza.com.br,,ERRO: connect:errno=0,ERRO: connect:errno=0
_404e3443783bc0133abe4457bc02b0a6.cashoracius.magazineluiza.com.br,,ERRO: connect:errno=0,ERRO: connect:errno=0
_40ff3051b3696580b7e268362ce0d913.atendimento.magazineluiza.com.br,,ERRO: connect:errno=0,ERRO: connect:errno=0
_4361f54a265633bf4ba2f5750fc45ae1.m.clube.magazineluiza.com.br,,ERRO: connect:errno=0,ERRO: connect:errno=0
_4e01929c3dc73728765600a89d657b9a.sacola.clube2.magazineluiza.com.br,,ERRO: connect:errno=0,ERRO: connect:errno=0
_508d8357a514849f9a21591574582a33.magazineluiza.com.br,,ERRO: connect:errno=0,ERRO: connect:errno=0
_52ee6496a37b253fcfc5862717398630.acme-proxy.magazineluiza.com.br,,ERRO: connect:errno=0,ERRO: connect:errno=0
_669ccc279ab9c3554c4344f3f1711e5d.magazineluiza.com.br,,ERRO: connect:errno=0,ERRO: connect:errno=0
_701d7f5ed1537e8bb4ac011020b34841.magazineluiza.com.br,,ERRO: connect:errno=0,ERRO: connect:errno=0
_8d1b5943ec2624e1d8f300fde2dbe442.magazineluiza.com.br,,ERRO: connect:errno=0,ERRO: connect:errno=0
_9a0f40f4e9d3761849b4cc979ff2a650.busca.magazineluiza.com.br,,ERRO: connect:errno=0,ERRO: connect:errno=0
_a728e16871d031bc6728fe8d0e1e8769.acme-api.magazineluiza.com.br,,ERRO: connect:errno=0,ERRO: connect:errno=0
_acme-challenge.m.clube.magazineluiza.com.br,,ERRO: connect:errno=0,ERRO: connect:errno=0
_acme-challenge.m.magazineluiza.com.br,,ERRO: connect:errno=0,ERRO: connect:errno=0
_acme-challenge.sacola.clube2.magazineluiza.com.br,,ERRO: connect:errno=0,ERRO: connect:errno=0
_acme-challenge.sacolamobile.clube.magazineluiza.com.br,,ERRO: connect:errno=0,ERRO: connect:errno=0
_acme-challenge.www.magazineluiza.com.br,,ERRO: connect:errno=0,ERRO: connect:errno=0
_amazonses.magazineluiza.com.br,,ERRO: connect:errno=0,ERRO: connect:errno=0
_d28b1dd3251387fdf1857df7bc63ac54.busca.magazineluiza.com.br,,ERRO: connect:errno=0,ERRO: connect:errno=0
_d3ff797f1d1ec8f7b9820f2d4e8f41f8.sacola.clube2.magazineluiza.com.br,,ERRO: connect:errno=0,ERRO: connect:errno=0
_dmarc.comschool.magazineluiza.com.brmagazineluiza.com.br,,ERRO: connect:errno=0,ERRO: connect:errno=0
_dmarc.magazineluiza.com.br,,ERRO: connect:errno=0,ERRO: connect:errno=0
_dnsauth.magazineluiza.com.br,,ERRO: connect:errno=0,ERRO: connect:errno=0
_e4c5e22a1b163ceacb22ed7f194028ad.busca.magazineluiza.com.br,,ERRO: connect:errno=0,ERRO: connect:errno=0
_e9bb91bd55f3903b8ed2fbc8fe653580.pis.magazineluiza.com.br,,ERRO: connect:errno=0,ERRO: connect:errno=0
_spf.external_email-messaging.magazineluiza.com.br,,ERRO: connect:errno=0,ERRO: connect:errno=0
_spf.external_rdstation1.magazineluiza.com.br,,ERRO: connect:errno=0,ERRO: connect:errno=0
_spf.magazineluiza.com.br,,ERRO: connect:errno=0,ERRO: connect:errno=0
_spf.saida.magazineluiza.com.br,,ERRO: connect:errno=0,ERRO: connect:errno=0
_spf_external.magazineluiza.com.br,,ERRO: connect:errno=0,ERRO: connect:errno=0
_spf_google1.magazineluiza.com.br,,ERRO: connect:errno=0,ERRO: connect:errno=0
_spf_saida.magazineluiza.com.br,,ERRO: connect:errno=0,ERRO: connect:errno=0
_xmpp-server._tcp.gmail.com.magazineluiza.com.br,,ERRO: connect:errno=0,ERRO: connect:errno=0
aba-admin-api-staging.magazineluiza.com.br,magazineluiza.com.br,2026-05-15 13:26:32 UTC,2026-11-30 13:26:31 UTC
aba-admin-api.magazineluiza.com.br,magazineluiza.com.br,2026-05-15 13:26:32 UTC,2026-11-30 13:26:31 UTC
aba-admin-staging-api.magazineluiza.com.br,,ERRO: timeout na conexão,ERRO: timeout na conexão
aba-api-gcp-k8s-magalu-pontos-fisicos.magazineluiza.com.br,,ERRO: write:errno=0,ERRO: write:errno=0
aba-api-pontos-fisicos-a.magazineluiza.com.br,,ERRO: write:errno=0,ERRO: write:errno=0
aba-api.magazineluiza.com.br,magazineluiza.com.br,2026-05-15 13:26:32 UTC,2026-11-30 13:26:31 UTC
aba-api.magazineluiza.com.brmagazineluiza.com.br,,ERRO: connect:errno=0,ERRO: connect:errno=0
aba-autosupply-hml.magazineluiza.com.br,magazineluiza.com.br,2026-05-15 13:26:32 UTC,2026-11-30 13:26:31 UTC
aba-autosupply-staging.magazineluiza.com.br,,ERRO: connect:errno=0,ERRO: connect:errno=0
aba-autosupply-temp.magazineluiza.com.br,,ERRO: write:errno=0,ERRO: write:errno=0
aba-autosupply.magazineluiza.com.br,magazineluiza.com.br,2026-05-15 13:26:32 UTC,2026-11-30 13:26:31 UTC
aba-cancelamento-staging.magazineluiza.com.br,,ERRO: timeout na conexão,ERRO: timeout na conexão
aba-inauguracao-api-temp.magazineluiza.com.br,,ERRO: write:errno=0,ERRO: write:errno=0
aba-integration.magazineluiza.com.br,,ERRO: write:errno=0,ERRO: write:errno=0
abastecimento-luiza-temp.magazineluiza.com.br,,ERRO: write:errno=0,ERRO: write:errno=0
abastecimento-staging.magazineluiza.com.br,magazineluiza.com.br,2026-05-15 13:26:32 UTC,2026-11-30 13:26:31 UTC
abastecimento.magazineluiza.com.br,magazineluiza.com.br,2026-05-15 13:26:32 UTC,2026-11-30 13:26:31 UTC
abraceonovo.magazineluiza.com.br,,ERRO: connect:errno=0,ERRO: connect:errno=0
acme-admin.magazineluiza.com.br,magazineluiza.com.br,2026-05-15 13:26:32 UTC,2026-11-30 13:26:31 UTC
acme-api-beehive-internal.magazineluiza.com.br,,ERRO: timeout na conexão,ERRO: timeout na conexão
acme-api-internal.magazineluiza.com.br,,ERRO: timeout na conexão,ERRO: timeout na conexão
acme-api-pre-prod.magazineluiza.com.br,,ERRO: write:errno=0,ERRO: write:errno=0
acme-api-sandbox.magazineluiza.com.br,,ERRO: write:errno=0,ERRO: write:errno=0
acme-api-staging.magazineluiza.com.br,,ERRO: connect:errno=0,ERRO: connect:errno=0
acme-api-test.magazineluiza.com.br,,ERRO: timeout na conexão,ERRO: timeout na conexão
acme-api-tst-5.magazineluiza.com.br,,ERRO: timeout na conexão,ERRO: timeout na conexão
acme-api.tst-5.magazineluiza.com.br,,ERRO: timeout na conexão,ERRO: timeout na conexão
acme-memcached.magazineluiza.com.br,,ERRO: connect:errno=0,ERRO: connect:errno=0
acme-mongo-configserver.magazineluiza.com.br,,ERRO: timeout na conexão,ERRO: timeout na conexão
acme-mongo.magazineluiza.com.br,,ERRO: timeout na conexão,ERRO: timeout na conexão
acme-mongocs01.magazineluiza.com.br,,ERRO: timeout na conexão,ERRO: timeout na conexão
acme-mongocs02.magazineluiza.com.br,,ERRO: timeout na conexão,ERRO: timeout na conexão
acme-mongocs03.magazineluiza.com.br,,ERRO: timeout na conexão,ERRO: timeout na conexão
acme-redis-shard-01.magazineluiza.com.br,,ERRO: connect:errno=0,ERRO: connect:errno=0
acme-redis-shard-02.magazineluiza.com.br,,ERRO: connect:errno=0,ERRO: connect:errno=0
acme-redis-shard-03.magazineluiza.com.br,,ERRO: connect:errno=0,ERRO: connect:errno=0
acme-redis-shard-04.magazineluiza.com.br,,ERRO: connect:errno=0,ERRO: connect:errno=0
acme-search.magazineluiza.com.br,,ERRO: connect:errno=0,ERRO: connect:errno=0
acme-solr-master-2-private.magazineluiza.com.br,,ERRO: timeout na conexão,ERRO: timeout na conexão
acme-solr-master-2-public.magazineluiza.com.br,,ERRO: connect:errno=0,ERRO: connect:errno=0
acme-solr-master-b-private.magazineluiza.com.br,,ERRO: timeout na conexão,ERRO: timeout na conexão
acme-solr-master-b-public.magazineluiza.com.br,,ERRO: connect:errno=0,ERRO: connect:errno=0
acme-solr-master-b.magazineluiza.com.br,,ERRO: timeout na conexão,ERRO: timeout na conexão
acme-solr-master-green.magazineluiza.com.br,,ERRO: timeout na conexão,ERRO: timeout na conexão
acme-solr-master-mlresearch.magazineluiza.com.br,,ERRO: connect:errno=0,ERRO: connect:errno=0
acme-solr-master.magazineluiza.com.br,,ERRO: timeout na conexão,ERRO: timeout na conexão
acme-solr-repeater-sa-east-1a.magazineluiza.com.br,,ERRO: timeout na conexão,ERRO: timeout na conexão
acme-solr-repeater-sa-east-1c.magazineluiza.com.br,,ERRO: timeout na conexão,ERRO: timeout na conexão
acme-solr-slave-b2b.magazineluiza.com.br,,ERRO: timeout na conexão,ERRO: timeout na conexão
acme-solr-slave.magazineluiza.com.br,,ERRO: timeout na conexão,ERRO: timeout na conexão
acme-sql.magazineluiza.com.br,,ERRO: timeout na conexão,ERRO: timeout na conexão
acme-worker-memcached.magazineluiza.com.br,,ERRO: connect:errno=0,ERRO: connect:errno=0
acme-worker-redis.magazineluiza.com.br,,ERRO: connect:errno=0,ERRO: connect:errno=0
acordodigital-api-stage.magazineluiza.com.br,,ERRO: timeout na conexão,ERRO: timeout na conexão
acordodigital-stage.magazineluiza.com.br,,ERRO: timeout na conexão,ERRO: timeout na conexão
acordos-sindicais-api-staging.magazineluiza.com.br,,ERRO: timeout na conexão,ERRO: timeout na conexão
acordos-sindicais-api-temp.magazineluiza.com.br,,ERRO: write:errno=0,ERRO: write:errno=0
acordos-sindicais-api.magazineluiza.com.br,magazineluiza.com.br,2026-05-15 13:26:32 UTC,2026-11-30 13:26:31 UTC
acordos-sindicais-staging.magazineluiza.com.br,,ERRO: connect:errno=0,ERRO: connect:errno=0
acordos-sindicais-teste.magazineluiza.com.br,,ERRO: write:errno=0,ERRO: write:errno=0
ad.magazineluiza.com.br,,ERRO: connect:errno=0,ERRO: connect:errno=0
addressing-api.magazineluiza.com.br,,ERRO: write:errno=0,ERRO: write:errno=0
adm-promocional-lojas-api-staging-gcp.magazineluiza.com.br,,ERRO: timeout na conexão,ERRO: timeout na conexão
adm-promocional-lojas-api.magazineluiza.com.br,magazineluiza.com.br,2026-05-15 13:26:32 UTC,2026-11-30 13:26:31 UTC
admin-app-entregador-stage.magazineluiza.com.br,,ERRO: timeout na conexão,ERRO: timeout na conexão
admin-app-entregador.magazineluiza.com.br,,ERRO: timeout na conexão,ERRO: timeout na conexão
adminb2b-sandbox.magazineluiza.com.br,,ERRO: connect:errno=0,ERRO: connect:errno=0
agendamento-fornecedor-staging.magazineluiza.com.br,magazineluiza.com.br,2026-05-15 13:26:32 UTC,2026-11-30 13:26:31 UTC
agendamento-staging.magazineluiza.com.br,,ERRO: write:errno=0,ERRO: write:errno=0
agendamento.magazineluiza.com.br,,ERRO: write:errno=0,ERRO: write:errno=0
agrupamento-fornecedor-dwsgsync-staging.magazineluiza.com.br,,ERRO: connect:errno=0,ERRO: connect:errno=0
agrupamentofornecedor-temp.magazineluiza.com.br,,ERRO: write:errno=0,ERRO: write:errno=0
agrupamentofornecedor.magazineluiza.com.br,,ERRO: write:errno=0,ERRO: write:errno=0
ajuste-ponto-api.magazineluiza.com.br,magazineluiza.com.br,2026-05-15 13:26:32 UTC,2026-11-30 13:26:31 UTC
ajuste-ponto-indicadores-staging.magazineluiza.com.br,,ERRO: timeout na conexão,ERRO: timeout na conexão
ajuste-ponto-staging.magazineluiza.com.br,,ERRO: timeout na conexão,ERRO: timeout na conexão
ajuste-ponto.magazineluiza.com.br,,ERRO: write:errno=0,ERRO: write:errno=0
aldebaran-api-staging.magazineluiza.com.br,,ERRO: timeout na conexão,ERRO: timeout na conexão
aldebaran-api.magazineluiza.com.br,magazineluiza.com.br,2026-05-15 13:26:32 UTC,2026-11-30 13:26:31 UTC
alex-kidd-api-stage-internal.magazineluiza.com.br,*.magazineluiza.com.br,2025-05-08 00:00:00 UTC,2026-06-07 23:59:59 UTC
alex-kidd-worker-stage-internal.magazineluiza.com.br,*.magazineluiza.com.br,2025-05-08 00:00:00 UTC,2026-06-07 23:59:59 UTC
alexei-api-mgc.magazineluiza.com.br,magazineluiza.com.br,2026-05-15 13:26:32 UTC,2026-11-30 13:26:31 UTC
alexei-api-staging.magazineluiza.com.br,liferay.cloud,2025-08-18 00:00:00 UTC,2026-09-17 23:59:59 UTC
alexei-api.magazineluiza.com.br,magazineluiza.com.br,2026-05-15 13:26:32 UTC,2026-11-30 13:26:31 UTC
alexei-staging.magazineluiza.com.br,,ERRO: timeout na conexão,ERRO: timeout na conexão
alfredo-api-staging.magazineluiza.com.br,,ERRO: timeout na conexão,ERRO: timeout na conexão
alfredo-staging.magazineluiza.com.br,,ERRO: timeout na conexão,ERRO: timeout na conexão
allin.comschool.magazineluiza.com.br,,ERRO: connect:errno=0,ERRO: connect:errno=0
allin.magazineluiza.com.br,*.allin.com.br,2024-04-08 21:07:19 UTC,2025-05-10 21:07:18 UTC
alterian.magazineluiza.com.br,,ERRO: connect:errno=0,ERRO: connect:errno=0
amaterasu-api-internal.magazineluiza.com.br,magazineluiza.com.br,2026-05-15 13:26:32 UTC,2026-11-30 13:26:31 UTC
amaterasu-api.magazineluiza.com.br,magazineluiza.com.br,2026-05-15 13:26:32 UTC,2026-11-30 13:26:31 UTC
amaterasu-worker-internal.magazineluiza.com.br,magazineluiza.com.br,2026-05-15 13:26:32 UTC,2026-11-30 13:26:31 UTC
amaterasu-worker-piloto-staging.magazineluiza.com.br,,ERRO: timeout na conexão,ERRO: timeout na conexão
amaterasu-worker-staging-internal.magazineluiza.com.br,,ERRO: timeout na conexão,ERRO: timeout na conexão
amaterasu-worker-staging.magazineluiza.com.br,,ERRO: write:errno=0,ERRO: write:errno=0
amaterasu-worker.magazineluiza.com.br,magazineluiza.com.br,2026-05-15 13:26:32 UTC,2026-11-30 13:26:31 UTC
anateste.magazineluiza.com.br,,ERRO: connect:errno=0,ERRO: connect:errno=0
angry-api-hml.magazineluiza.com.br,,ERRO: connect:errno=0,ERRO: connect:errno=0
angry-api.magazineluiza.com.br,,ERRO: connect:errno=0,ERRO: connect:errno=0
any-screen-mirror-api-mgc.magazineluiza.com.br,magazineluiza.com.br,2026-05-15 13:26:32 UTC,2026-11-30 13:26:31 UTC
any-screen-mirror-api.magazineluiza.com.br,magazineluiza.com.br,2026-05-15 13:26:32 UTC,2026-11-30 13:26:31 UTC
api-aba-automatico-staging.magazineluiza.com.br,,ERRO: timeout na conexão,ERRO: timeout na conexão
api-aba-automatico-tmp.magazineluiza.com.br,,ERRO: write:errno=0,ERRO: write:errno=0
api-aba-automatico.magazineluiza.com.br,magazineluiza.com.br,2026-05-15 13:26:32 UTC,2026-11-30 13:26:31 UTC
api-abastecimento-multicd-control-staging.magazineluiza.com.br,,ERRO: timeout na conexão,ERRO: timeout na conexão
api-abastecimento-multicd-control.magazineluiza.com.br,magazineluiza.com.br,2026-05-15 13:26:32 UTC,2026-11-30 13:26:31 UTC
api-abastecimento-staging.magazineluiza.com.br,,ERRO: timeout na conexão,ERRO: timeout na conexão
api-abastecimento-tmp.magazineluiza.com.br,,ERRO: write:errno=0,ERRO: write:errno=0
api-abastecimento.magazineluiza.com.br,magazineluiza.com.br,2026-05-15 13:26:32 UTC,2026-11-30 13:26:31 UTC
api-agendamento-fornecedor-staging.magazineluiza.com.br,magazineluiza.com.br,2026-05-15 13:26:32 UTC,2026-11-30 13:26:31 UTC
api-agendamento-fornecedor.magazineluiza.com.br,*.magazineluiza.com.br,2025-05-08 00:00:00 UTC,2026-06-07 23:59:59 UTC
api-agendamentos-lego-staging.magazineluiza.com.br,,ERRO: timeout na conexão,ERRO: timeout na conexão
api-ajuste-ponto-staging.magazineluiza.com.br,,ERRO: connect:errno=0,ERRO: connect:errno=0
api-automatizacaorep-staging.magazineluiza.com.br,,ERRO: connect:errno=0,ERRO: connect:errno=0
api-b2b-portal-origin.magazineluiza.com.br,*.magazineluiza.com.br,2025-05-08 00:00:00 UTC,2026-06-07 23:59:59 UTC
api-b2b-portal-staging.magazineluiza.com.br,,ERRO: timeout na conexão,ERRO: timeout na conexão
api-bit55.magazineluiza.com.br,,ERRO: timeout na conexão,ERRO: timeout na conexão
api-bloqueio-intermitente.magazineluiza.com.br,,ERRO: connect:errno=0,ERRO: connect:errno=0
api-contribuicoes-sindicais-staging.magazineluiza.com.br,,ERRO: connect:errno=0,ERRO: connect:errno=0
api-contribuicoes-sindicais-temp.magazineluiza.com.br,,ERRO: write:errno=0,ERRO: write:errno=0
api-contribuicoes-sindicais.magazineluiza.com.br,,ERRO: connect:errno=0,ERRO: connect:errno=0
api-convocacao-intermitentes-origin.magazineluiza.com.br,,ERRO: write:errno=0,ERRO: write:errno=0
api-convocacao-intermitentes-staging.magazineluiza.com.br,,ERRO: connect:errno=0,ERRO: connect:errno=0
api-customer.magazineluiza.com.br,,ERRO: connect:errno=0,ERRO: connect:errno=0
api-dionisio-balboa.magazineluiza.com.br,,ERRO: timeout na conexão,ERRO: timeout na conexão
api-districotas-staging.magazineluiza.com.br,,ERRO: connect:errno=0,ERRO: connect:errno=0
api-eaceites-origin.magazineluiza.com.br,magazineluiza.com.br,2026-05-15 13:26:32 UTC,2026-11-30 13:26:31 UTC
api-jamiel-gcp.magazineluiza.com.br,,ERRO: write:errno=0,ERRO: write:errno=0
api-jamiel.magazineluiza.com.br,,ERRO: write:errno=0,ERRO: write:errno=0
api-lf-saida-cd-back-fallback.magazineluiza.com.br,*.navigator.mayo.edu,2025-07-31 00:00:00 UTC,2026-07-31 23:59:59 UTC
api-lf-saida-cd-back-internal.magazineluiza.com.br,,ERRO: timeout na conexão,ERRO: timeout na conexão
api-liquidacao-fantastica-liberacao-saida-cd-oracle-staging.magazineluiza.com.br,,ERRO: connect:errno=0,ERRO: connect:errno=0
api-liquidacao-fantastica-liberacao-saida-cd-redis-staging.magazineluiza.com.br,,ERRO: connect:errno=0,ERRO: connect:errno=0
api-mlink-mgc.magazineluiza.com.br,magazineluiza.com.br,2026-05-15 13:26:32 UTC,2026-11-30 13:26:31 UTC
api-mlink-piloto-mgc.magazineluiza.com.br,magazineluiza.com.br,2026-05-15 13:26:32 UTC,2026-11-30 13:26:31 UTC
api-mlink-piloto.magazineluiza.com.br,magazineluiza.com.br,2026-05-15 13:26:32 UTC,2026-11-30 13:26:31 UTC
api-mlink.magazineluiza.com.br,magazineluiza.com.br,2026-05-15 13:26:32 UTC,2026-11-30 13:26:31 UTC
api-negotiation-staging.magazineluiza.com.br,,ERRO: connect:errno=0,ERRO: connect:errno=0
api-neuman-staging.magazineluiza.com.br,,ERRO: timeout na conexão,ERRO: timeout na conexão
api-people-stage.magazineluiza.com.br,,ERRO: timeout na conexão,ERRO: timeout na conexão
api-portal-saber-staging.magazineluiza.com.br,,ERRO: connect:errno=0,ERRO: connect:errno=0
api-preventivo-staging.magazineluiza.com.br,,ERRO: timeout na conexão,ERRO: timeout na conexão
api-preventivo.magazineluiza.com.br,magazineluiza.com.br,2026-05-15 13:26:32 UTC,2026-11-30 13:26:31 UTC
api-promocional-fiorino-staging.magazineluiza.com.br,,ERRO: timeout na conexão,ERRO: timeout na conexão
api-promocional-fiorino.magazineluiza.com.br,,ERRO: write:errno=0,ERRO: write:errno=0
api-promocional-staging.magazineluiza.com.br,,ERRO: timeout na conexão,ERRO: timeout na conexão
api-promocional.magazineluiza.com.br,magazineluiza.com.br,2026-05-15 13:26:32 UTC,2026-11-30 13:26:31 UTC
api-reconciliation-benefits-stage.magazineluiza.com.br,,ERRO: timeout na conexão,ERRO: timeout na conexão
api-sandbox-internal-vpn.magazineluiza.com.br,magazineluiza.com.br,2026-05-15 13:26:32 UTC,2026-11-30 13:26:31 UTC
api-sandbox-internal.magazineluiza.com.br,localhost,2026-05-27 05:06:33 UTC,2046-05-22 05:06:33 UTC
api-score-internal.magazineluiza.com.br,magazineluiza.com.br,2026-05-15 13:26:32 UTC,2026-11-30 13:26:31 UTC
api-score-origins.magazineluiza.com.br,,ERRO: write:errno=0,ERRO: write:errno=0
api-timeline-gcp.magazineluiza.com.br,intro2024.superlang.org,2026-04-30 03:36:53 UTC,2026-07-29 04:31:07 UTC
api-timeline-hml.magazineluiza.com.br,,ERRO: connect:errno=0,ERRO: connect:errno=0
api-timeline.magazineluiza.com.br,intro2024.superlang.org,2026-04-30 03:36:53 UTC,2026-07-29 04:31:07 UTC
api-tradelinks-nota-debito-vpn.magazineluiza.com.br,*.magazineluiza.com.br,2025-05-08 00:00:00 UTC,2026-06-07 23:59:59 UTC
api-transports.magazineluiza.com.br,,ERRO: timeout na conexão,ERRO: timeout na conexão
api-vendas-piloto-mgc.magazineluiza.com.br,magazineluiza.com.br,2026-05-15 13:26:32 UTC,2026-11-30 13:26:31 UTC
api-vendas-piloto.magazineluiza.com.br,magazineluiza.com.br,2026-05-15 13:26:32 UTC,2026-11-30 13:26:31 UTC
api-vendas-proxy.magazineluiza.com.br,,ERRO: connect:errno=0,ERRO: connect:errno=0
api-vendas.magazineluiza.com.br,magazineluiza.com.br,2026-05-15 13:26:32 UTC,2026-11-30 13:26:31 UTC
apigee-cockpit-api.magazineluiza.com.br,,ERRO: write:errno=0,ERRO: write:errno=0
apisonic.magazineluiza.com.br,,ERRO: connect:errno=0,ERRO: connect:errno=0
apisonichml.magazineluiza.com.br,,ERRO: connect:errno=0,ERRO: connect:errno=0
apocalypse-api-origin.magazineluiza.com.br,magazineluiza.com.br,2026-05-15 13:26:32 UTC,2026-11-30 13:26:31 UTC
apolo-gateway-staging.magazineluiza.com.br,,ERRO: connect:errno=0,ERRO: connect:errno=0
apolo-gateway.magazineluiza.com.br,,ERRO: connect:errno=0,ERRO: connect:errno=0
app-magalog-entregas-stage-origin.magazineluiza.com.br,,ERRO: timeout na conexão,ERRO: timeout na conexão
app-resultados-staging.magazineluiza.com.br,,ERRO: timeout na conexão,ERRO: timeout na conexão
app2m-int-mgc.magazineluiza.com.br,,ERRO: timeout na conexão,ERRO: timeout na conexão
app2m-mgc.magazineluiza.com.br,,ERRO: timeout na conexão,ERRO: timeout na conexão
app\040servicos-admin.magazineluiza.com.br,,ERRO: connect:errno=0,ERRO: connect:errno=0
appdosmagalus-api-origin.magazineluiza.com.br,magazineluiza.com.br,2026-05-15 13:26:32 UTC,2026-11-30 13:26:31 UTC
appdosmagalus-origin-teste.magazineluiza.com.br,,ERRO: write:errno=0,ERRO: write:errno=0
apps.magazineluiza.com.br,,ERRO: connect:errno=0,ERRO: connect:errno=0
arbmongo-precocerto.magazineluiza.com.br,,ERRO: timeout na conexão,ERRO: timeout na conexão
arcoiro-cache-01.magazineluiza.com.br,,ERRO: connect:errno=0,ERRO: connect:errno=0
arcoiro-cache-02.magazineluiza.com.br,,ERRO: connect:errno=0,ERRO: connect:errno=0
arcoiro-cache-03.magazineluiza.com.br,,ERRO: connect:errno=0,ERRO: connect:errno=0
arcoiro-cache-04.magazineluiza.com.br,,ERRO: connect:errno=0,ERRO: connect:errno=0
arcoiro.magazineluiza.com.br,,ERRO: connect:errno=0,ERRO: connect:errno=0
argus-api-stage.magazineluiza.com.br,,ERRO: timeout na conexão,ERRO: timeout na conexão
argus-api.magazineluiza.com.br,magazineluiza.com.br,2026-05-15 13:26:32 UTC,2026-11-30 13:26:31 UTC
argus-staging.magazineluiza.com.br,,ERRO: connect:errno=0,ERRO: connect:errno=0
articles-solr.magazineluiza.com.br,,ERRO: timeout na conexão,ERRO: timeout na conexão
arvore-produto-web-staging.magazineluiza.com.br,,ERRO: connect:errno=0,ERRO: connect:errno=0
atena-api-staging.magazineluiza.com.br,,ERRO: connect:errno=0,ERRO: connect:errno=0
atendeblack.magazineluiza.com.br,,ERRO: connect:errno=0,ERRO: connect:errno=0
atendimento2.magazineluiza.com.br,,ERRO: timeout na conexão,ERRO: timeout na conexão
atlas-api-staging.magazineluiza.com.br,,ERRO: timeout na conexão,ERRO: timeout na conexão
atlas-api.magazineluiza.com.br,,ERRO: write:errno=0,ERRO: write:errno=0
atlas-frontend.magazineluiza.com.br,,ERRO: connect:errno=0,ERRO: connect:errno=0
atlas-report-api.magazineluiza.com.br,,ERRO: timeout na conexão,ERRO: timeout na conexão
auditoria-remota-origin.magazineluiza.com.br,magazineluiza.com.br,2026-05-15 13:26:32 UTC,2026-11-30 13:26:31 UTC
auth-arena.magazineluiza.com.br,,ERRO: timeout na conexão,ERRO: timeout na conexão
auth-bf-stage.magazineluiza.com.br,,ERRO: connect:errno=0,ERRO: connect:errno=0
auth-bf.magazineluiza.com.br,,ERRO: connect:errno=0,ERRO: connect:errno=0
auth723.magazineluiza.com.br,,ERRO: timeout na conexão,ERRO: timeout na conexão
autodiscover.magazineluiza.com.br,,ERRO: timeout na conexão,ERRO: timeout na conexão
automacao-n8n.magazineluiza.com.br,magazineluiza.com.br,2026-05-15 13:26:32 UTC,2026-11-30 13:26:31 UTC
avaliacom-api-mgc.magazineluiza.com.br,magazineluiza.com.br,2026-05-15 13:26:32 UTC,2026-11-30 13:26:31 UTC
avengers-af-carterv2-api-internal.magazineluiza.com.br,magazineluiza.com.br,2026-05-15 13:26:32 UTC,2026-11-30 13:26:31 UTC
avengers-af-carterv3-api-stage.magazineluiza.com.br,,ERRO: timeout na conexão,ERRO: timeout na conexão
avengers-af-natasharomanoff-api-prod-origin.magazineluiza.com.br,beefee.co.uk,2026-04-11 21:18:12 UTC,2026-07-10 21:18:11 UTC
avengers-af-peterparkerv2-api-prod-origin.magazineluiza.com.br,,ERRO: write:errno=0,ERRO: write:errno=0
avengers-af-sharon-api-prod-origin.magazineluiza.com.br,technologywire.com,2026-04-07 13:41:28 UTC,2026-07-06 14:08:22 UTC
avengers-carter.magazineluiza.com.br,,ERRO: write:errno=0,ERRO: write:errno=0
avengers-cdc-carter-api-prod-origin.magazineluiza.com.br,*.dev-323.my.rubrik-lab.com,2026-04-06 13:28:21 UTC,2026-07-05 13:28:20 UTC
avengers-cdc-mark1proxy-api-prod-origin.magazineluiza.com.br,,2026-05-19 15:17:37 UTC,2026-08-17 16:11:51 UTC
avengers-cdc-quake-api-prod.magazineluiza.com.br,magazineluiza.com.br,2026-05-15 13:26:32 UTC,2026-11-30 13:26:31 UTC
avengers-cdc-tonystark-api-prod-origin.magazineluiza.com.br,,ERRO: write:errno=0,ERRO: write:errno=0
avengers-cl-nickfury-api-prod-origin.magazineluiza.com.br,resources.loveinindia.lilagames.com,2026-04-21 14:30:02 UTC,2026-07-20 15:23:56 UTC
avengers-erikselvig-tmp.magazineluiza.com.br,*.renmo.homes,2026-05-12 00:43:28 UTC,2026-08-10 00:43:27 UTC
avengers-harold-staging.magazineluiza.com.br,,ERRO: timeout na conexão,ERRO: timeout na conexão
avengers-harold.magazineluiza.com.br,yktbdv0tldpuojx4.us-central1.sourcemanager.dev,2026-04-25 11:01:48 UTC,2026-07-24 11:44:54 UTC
avengers-mark1-proxy.magazineluiza.com.br,,ERRO: connect:errno=0,ERRO: connect:errno=0
avengers-mark1.magazineluiza.com.br,,ERRO: write:errno=0,ERRO: write:errno=0
avengers-mp-wilsonfisk-front-pontos-fisicos-a.magazineluiza.com.br,,ERRO: write:errno=0,ERRO: write:errno=0
avengers-natasharomanoff-staging.magazineluiza.com.br,,ERRO: timeout na conexão,ERRO: timeout na conexão
avengers-peter-v2-staging.magazineluiza.com.br,,ERRO: timeout na conexão,ERRO: timeout na conexão
avengers-samara-bot.magazineluiza.com.br,public.splashid.com,2026-04-24 09:11:45 UTC,2026-07-23 10:05:18 UTC
avengers-tef-normanosborn-api-pilot.magazineluiza.com.br,magazineluiza.com.br,2026-05-15 13:26:32 UTC,2026-11-30 13:26:31 UTC
avengers-thor.magazineluiza.com.br,,ERRO: write:errno=0,ERRO: write:errno=0
avengers-vc-bethanycabe-api-pilot.magazineluiza.com.br,*.magazineluiza.com.br,2021-08-24 00:00:00 UTC,2022-09-23 23:59:59 UTC
avengers-vc-pepper-api-internal.magazineluiza.com.br,magazineluiza.com.br,2026-05-15 13:26:32 UTC,2026-11-30 13:26:31 UTC
avengers-vision-api-v2-pilot.magazineluiza.com.br,magazineluiza.com.br,2026-05-15 13:26:32 UTC,2026-11-30 13:26:31 UTC
avengers-vision-api-v2-staging.magazineluiza.com.br,,ERRO: timeout na conexão,ERRO: timeout na conexão
avengers-vision-api.magazineluiza.com.br,magazineluiza.com.br,2026-05-15 13:26:32 UTC,2026-11-30 13:26:31 UTC
avengers-vision-prod.magazineluiza.com.br,,ERRO: write:errno=0,ERRO: write:errno=0
avengers-vision-v2-stage.magazineluiza.com.br,,ERRO: timeout na conexão,ERRO: timeout na conexão
avengers-wilsonfisk-staging.magazineluiza.com.br,,ERRO: timeout na conexão,ERRO: timeout na conexão
aws.magazineluiza.com.br,,ERRO: connect:errno=0,ERRO: connect:errno=0
ay6thdmmdigo3skal2s7pcv6hcfrn7cw._domainkey.magazineluiza.com.br,,ERRO: connect:errno=0,ERRO: connect:errno=0
b2b-1.magazineluiza.com.br,,ERRO: connect:errno=0,ERRO: connect:errno=0
b2b-backend-api.magazineluiza.com.br,magazineluiza.com.br,2026-05-15 13:26:32 UTC,2026-11-30 13:26:31 UTC
b2b-catalog-api-pp.magazineluiza.com.br,,ERRO: connect:errno=0,ERRO: connect:errno=0
b2b-catalog-api.magazineluiza.com.br,,ERRO: connect:errno=0,ERRO: connect:errno=0
b2b-catalog-multiplus.magazineluiza.com.br,,ERRO: write:errno=0,ERRO: write:errno=0
b2b-checkout-api-blue.magazineluiza.com.br,,ERRO: connect:errno=0,ERRO: connect:errno=0
b2b-checkout-api-sandbox.magazineluiza.com.br,,ERRO: timeout na conexão,ERRO: timeout na conexão
b2b-checkout-api-staging.magazineluiza.com.br,,ERRO: timeout na conexão,ERRO: timeout na conexão
b2b-checkout-api.magazineluiza.com.br,,ERRO: connect:errno=0,ERRO: connect:errno=0
b2b-checkout-v2-api-internal.magazineluiza.com.br,,ERRO: timeout na conexão,ERRO: timeout na conexão
b2b-config-api-sandbox.magazineluiza.com.br,,ERRO: timeout na conexão,ERRO: timeout na conexão
b2b-config-api-staging.magazineluiza.com.br,,ERRO: timeout na conexão,ERRO: timeout na conexão
b2b-config-api.magazineluiza.com.br,,ERRO: connect:errno=0,ERRO: connect:errno=0
b2b-fc-config-api-internal.magazineluiza.com.br,,ERRO: timeout na conexão,ERRO: timeout na conexão
b2b-fc-config-api-origin.magazineluiza.com.br,,ERRO: write:errno=0,ERRO: write:errno=0
b2b-logs-api-staging.magazineluiza.com.br,,ERRO: connect:errno=0,ERRO: connect:errno=0
b2b-logs-api.magazineluiza.com.br,,ERRO: connect:errno=0,ERRO: connect:errno=0
b2b-loyalty-api-staging.magazineluiza.com.br,,ERRO: connect:errno=0,ERRO: connect:errno=0
b2b-loyalty-api.magazineluiza.com.br,,ERRO: connect:errno=0,ERRO: connect:errno=0
b2b-order-api.magazineluiza.com.br,*.cwlearning.com.tw,2026-02-03 06:14:10 UTC,2027-02-03 15:59:59 UTC
b2b-parceiro-api.magazineluiza.com.br,magazineluiza.com.br,2026-05-15 13:26:32 UTC,2026-11-30 13:26:31 UTC
b2b-platform-cart-api-preprod.magazineluiza.com.br,*.cwlearning.com.tw,2026-02-03 06:14:10 UTC,2027-02-03 15:59:59 UTC
b2b-platform-cart-api-staging.magazineluiza.com.br,,ERRO: write:errno=0,ERRO: write:errno=0
b2b-platform-cart-api.magazineluiza.com.br,,ERRO: write:errno=0,ERRO: write:errno=0
b2b-platform-catalog-api.magazineluiza.com.br,,ERRO: write:errno=0,ERRO: write:errno=0
b2b-shipping-api-sandbox.magazineluiza.com.br,,ERRO: timeout na conexão,ERRO: timeout na conexão
b2b-shipping-api-staging.magazineluiza.com.br,,ERRO: connect:errno=0,ERRO: connect:errno=0
b2b-shipping-api.magazineluiza.com.br,,ERRO: connect:errno=0,ERRO: connect:errno=0
b2b-shopping-api-pci.magazineluiza.com.br,,ERRO: connect:errno=0,ERRO: connect:errno=0
b2b-shopping-api-qa.magazineluiza.com.br,,ERRO: connect:errno=0,ERRO: connect:errno=0
b2b-shopping-api-sandbox.magazineluiza.com.br,,ERRO: timeout na conexão,ERRO: timeout na conexão
b2b-shopping-api-staging.magazineluiza.com.br,,ERRO: timeout na conexão,ERRO: timeout na conexão
b2b-shopping-api-teresa.magazineluiza.com.br,,ERRO: connect:errno=0,ERRO: connect:errno=0
b2b-shopping-octopus-api-staging.magazineluiza.com.br,,ERRO: timeout na conexão,ERRO: timeout na conexão
baap-audit-api.magazineluiza.com.br,magazineluiza.com.br,2026-05-15 13:26:32 UTC,2026-11-30 13:26:31 UTC
baap-audit-producer-api.magazineluiza.com.br,magazineluiza.com.br,2026-05-15 13:26:32 UTC,2026-11-30 13:26:31 UTC
baap-console-api.magazineluiza.com.br,magazineluiza.com.br,2026-05-15 13:26:32 UTC,2026-11-30 13:26:31 UTC
baap-console-develop-gcp-origin.magazineluiza.com.br,luizalabs.com,2026-05-06 19:03:42 UTC,2026-11-21 19:03:41 UTC
baap-console-staging-gcp-origin.magazineluiza.com.br,magazineluiza.com.br,2026-05-15 13:26:32 UTC,2026-11-30 13:26:31 UTC
baap-gateway-origin.magazineluiza.com.br,,ERRO: write:errno=0,ERRO: write:errno=0
baap-notification-api.magazineluiza.com.br,magazineluiza.com.br,2026-05-15 13:26:32 UTC,2026-11-30 13:26:31 UTC
baap-process-api-develop-gcp.magazineluiza.magazineluiza.com.br,,ERRO: write:errno=0,ERRO: write:errno=0
baap-process-api.magazineluiza.com.br,magazineluiza.com.br,2026-05-15 13:26:32 UTC,2026-11-30 13:26:31 UTC
baap-real-time-config-api-internal.magazineluiza.com.br,magazineluiza.com.br,2026-05-15 13:26:32 UTC,2026-11-30 13:26:31 UTC
baap-real-time-config-api.magazineluiza.com.br,magazineluiza.com.br,2026-05-15 13:26:32 UTC,2026-11-30 13:26:31 UTC
baap-report-api.magazineluiza.com.br,magazineluiza.com.br,2026-05-15 13:26:32 UTC,2026-11-30 13:26:31 UTC
baap-report-example-api-develop-gcp-staging.magazineluiza.com.br,,ERRO: timeout na conexão,ERRO: timeout na conexão
baap-sso-api-internal.magazineluiza.com.br,magazineluiza.com.br,2026-05-15 13:26:32 UTC,2026-11-30 13:26:31 UTC
baap-sso-api.magazineluiza.com.br,magazineluiza.com.br,2026-05-15 13:26:32 UTC,2026-11-30 13:26:31 UTC
baap-sso-login-develop-gcp-origin.magazineluiza.com.br,luizalabs.com,2026-05-06 19:03:42 UTC,2026-11-21 19:03:41 UTC
baap-sso-login-staging-gcp-origin.magazineluiza.com.br,magazineluiza.com.br,2026-05-15 13:26:32 UTC,2026-11-30 13:26:31 UTC
baap-trace-api-develop-gcp.magazineluiza.com.br,,ERRO: timeout na conexão,ERRO: timeout na conexão
babel-db-read-replica.magazineluiza.com.br,,ERRO: timeout na conexão,ERRO: timeout na conexão
babel-sandbox.magazineluiza.com.br,,ERRO: connect:errno=0,ERRO: connect:errno=0
bacci-api-internal.magazineluiza.com.br,,ERRO: connect:errno=0,ERRO: connect:errno=0
bacci-api.magazineluiza.com.br,,ERRO: connect:errno=0,ERRO: connect:errno=0
bacci-sandbox.magazineluiza.com.br,,ERRO: connect:errno=0,ERRO: connect:errno=0
bacci-teste.magazineluiza.com.br,,ERRO: connect:errno=0,ERRO: connect:errno=0
backoffice-conciliator-api-staging.magazineluiza.com.br,,ERRO: timeout na conexão,ERRO: timeout na conexão
backoffice-conciliator-api.magazineluiza.com.br,,ERRO: write:errno=0,ERRO: write:errno=0
backoffice-gate-origin.magazineluiza.com.br,magazineluiza.com.br,2026-05-15 13:26:32 UTC,2026-11-30 13:26:31 UTC
backoffice-gateway-api-config-sandbox.magazineluiza.com.br,magazineluiza.com.br,2026-05-15 13:26:32 UTC,2026-11-30 13:26:31 UTC
backoffice-gateway-api-config.magazineluiza.com.br,magazineluiza.com.br,2026-05-15 13:26:32 UTC,2026-11-30 13:26:31 UTC
backoffice-gateway-api-mgc-origin.magazineluiza.com.br,magazineluiza.com.br,2026-05-15 13:26:32 UTC,2026-11-30 13:26:31 UTC
backoffice-gateway-api-stage.magazineluiza.com.br,,ERRO: timeout na conexão,ERRO: timeout na conexão
backoffice-gateway-api.magazineluiza.com.br,magazineluiza.com.br,2026-05-15 13:26:32 UTC,2026-11-30 13:26:31 UTC
backoffice-gateway-callback-api-sandbox.magazineluiza.com.br,magazineluiza.com.br,2026-05-15 13:26:32 UTC,2026-11-30 13:26:31 UTC
backoffice-gateway-callback-api.magazineluiza.com.br,magazineluiza.com.br,2026-05-15 13:26:32 UTC,2026-11-30 13:26:31 UTC
backoffice-gateway-callback.magazineluiza.com.br,magazineluiza.com.br,2026-05-15 13:26:32 UTC,2026-11-30 13:26:31 UTC
backoffice-gateway-consumer-staging.magazineluiza.com.br,,ERRO: timeout na conexão,ERRO: timeout na conexão
backoffice-gateway-producer-staging.magazineluiza.com.br,,ERRO: timeout na conexão,ERRO: timeout na conexão
backoffice-platform-gateway-origin.magazineluiza.com.br,magazineluiza.com.br,2026-05-15 13:26:32 UTC,2026-11-30 13:26:31 UTC
baixa-logico-staging.magazineluiza.com.br,,ERRO: connect:errno=0,ERRO: connect:errno=0
baixa-logico.magazineluiza.com.br,magazineluiza.com.br,2026-05-15 13:26:32 UTC,2026-11-30 13:26:31 UTC
baixaestoque-callback-api-internal.magazineluiza.com.br,,ERRO: timeout na conexão,ERRO: timeout na conexão
baixatitulos-stage.magazineluiza.com.br,,ERRO: connect:errno=0,ERRO: connect:errno=0
baker-ap-origin.magazineluiza.com.br,,ERRO: write:errno=0,ERRO: write:errno=0
baker-ar-origin.magazineluiza.com.br,magazineluiza.com.br,2026-05-15 13:26:32 UTC,2026-11-30 13:26:31 UTC
baker-po-origin.magazineluiza.com.br,magazineluiza.com.br,2026-05-15 13:26:32 UTC,2026-11-30 13:26:31 UTC
baker-ri-origin.magazineluiza.com.br,magazineluiza.com.br,2026-05-15 13:26:32 UTC,2026-11-30 13:26:31 UTC
balboa-armazem-api-staging-internal.magazineluiza.com.br,,ERRO: timeout na conexão,ERRO: timeout na conexão
balboa-armazem-api-staging.magazineluiza.com.br,,ERRO: write:errno=0,ERRO: write:errno=0
balboa-reserves.magazineluiza.com.br,,ERRO: write:errno=0,ERRO: write:errno=0
balboaweb-ecom.magazineluiza.com.br,magazineluiza.com.br,2026-05-15 13:26:32 UTC,2026-11-30 13:26:31 UTC
balboaweb-lojas.magazineluiza.com.br,magazineluiza.com.br,2026-05-15 13:26:32 UTC,2026-11-30 13:26:31 UTC
balboaweb-vendas.magazineluiza.com.br,,ERRO: timeout na conexão,ERRO: timeout na conexão
balboawsv-asc.magazineluiza.com.br,,ERRO: timeout na conexão,ERRO: timeout na conexão
balboawsv-piloto-asc.magazineluiza.com.br,,ERRO: timeout na conexão,ERRO: timeout na conexão
balboawsv-piloto.magazineluiza.com.br,,ERRO: timeout na conexão,ERRO: timeout na conexão
balboawsv.magazineluiza.com.br,,ERRO: timeout na conexão,ERRO: timeout na conexão
banguela-api-internal-staging.magazineluiza.com.br,,ERRO: timeout na conexão,ERRO: timeout na conexão
banguela-api-internal.magazineluiza.com.br,magazineluiza.com.br,2026-05-15 13:26:32 UTC,2026-11-30 13:26:31 UTC
banguela-api-staging.magazineluiza.com.br,,ERRO: write:errno=0,ERRO: write:errno=0
banguela-api.magazineluiza.com.br,magazineluiza.com.br,2026-05-15 13:26:32 UTC,2026-11-30 13:26:31 UTC
banguela-back-stage.magazineluiza.com.br,,ERRO: timeout na conexão,ERRO: timeout na conexão
banguela-back.magazineluiza.com.br,,ERRO: write:errno=0,ERRO: write:errno=0
banguela-bf-stage.magazineluiza.com.br,,ERRO: connect:errno=0,ERRO: connect:errno=0
banguela-bf-staging.magazineluiza.com.br,,ERRO: timeout na conexão,ERRO: timeout na conexão
banguela-bf.magazineluiza.com.br,magazineluiza.com.br,2026-05-15 13:26:32 UTC,2026-11-30 13:26:31 UTC
banguela-process-internal-stage.magazineluiza.com.br,*.magazineluiza.com.br,2025-05-08 00:00:00 UTC,2026-06-07 23:59:59 UTC
banguela-process-internal-staging.magazineluiza.com.br,,ERRO: timeout na conexão,ERRO: timeout na conexão
banguela-process-internal.magazineluiza.com.br,magazineluiza.com.br,2026-05-15 13:26:32 UTC,2026-11-30 13:26:31 UTC
banguela-process-stage.magazineluiza.com.br,,ERRO: timeout na conexão,ERRO: timeout na conexão
banguela-wrapper-staging.magazineluiza.com.br,,ERRO: timeout na conexão,ERRO: timeout na conexão
banguela-wrapper.magazineluiza.com.br,,ERRO: write:errno=0,ERRO: write:errno=0
banner-lojas.magazineluiza.com.br,,ERRO: timeout na conexão,ERRO: timeout na conexão
barricade-transformers-logistica-temp.magazineluiza.com.br,*.magazineluiza.com.br,2025-05-08 00:00:00 UTC,2026-06-07 23:59:59 UTC
batata.magazineluiza.com.br,,ERRO: timeout na conexão,ERRO: timeout na conexão
batchnamecheck.magazineluiza.com.br,,ERRO: timeout na conexão,ERRO: timeout na conexão
bate-bate-worker.magazineluiza.com.br,,ERRO: connect:errno=0,ERRO: connect:errno=0
bb8-stage.magazineluiza.com.br,,ERRO: connect:errno=0,ERRO: connect:errno=0
bb8.magazineluiza.com.br,,ERRO: connect:errno=0,ERRO: connect:errno=0
beehive-staging.magazineluiza.com.br,,ERRO: timeout na conexão,ERRO: timeout na conexão
beicola-api-internal.magazineluiza.com.br,magazineluiza.com.br,2026-05-15 13:26:32 UTC,2026-11-30 13:26:31 UTC
beicola-api.magazineluiza.com.br,magazineluiza.com.br,2026-05-15 13:26:32 UTC,2026-11-30 13:26:31 UTC
belissimo-admin-sandbox.magazineluiza.com.br,,ERRO: timeout na conexão,ERRO: timeout na conexão
belissimo-cache.magazineluiza.com.br,,ERRO: connect:errno=0,ERRO: connect:errno=0
belissimo-internal.magazineluiza.com.br,,ERRO: timeout na conexão,ERRO: timeout na conexão
belissimo-rds-replica.magazineluiza.com.br,,ERRO: connect:errno=0,ERRO: connect:errno=0
belissimo-sandbox.magazineluiza.com.br,,ERRO: timeout na conexão,ERRO: timeout na conexão
belissimo.magazineluiza.com.br,,ERRO: write:errno=0,ERRO: write:errno=0
benefitpartners-internal.magazineluiza.com.br,,ERRO: timeout na conexão,ERRO: timeout na conexão
benefitpartners-staging.magazineluiza.com.br,,ERRO: connect:errno=0,ERRO: connect:errno=0
benefitpartners.magazineluiza.com.br,,ERRO: write:errno=0,ERRO: write:errno=0
benzaiten-api-internal.magazineluiza.com.br,magazineluiza.com.br,2026-05-15 13:26:32 UTC,2026-11-30 13:26:31 UTC
benzaiten-api-stage-internal.magazineluiza.com.br,,ERRO: timeout na conexão,ERRO: timeout na conexão
benzaiten-api-stage.magazineluiza.com.br,,ERRO: write:errno=0,ERRO: write:errno=0
benzaiten-api.magazineluiza.com.br,magazineluiza.com.br,2026-05-15 13:26:32 UTC,2026-11-30 13:26:31 UTC
bifrost-api-internal.magazineluiza.com.br,magazineluiza.com.br,2026-05-15 13:26:32 UTC,2026-11-30 13:26:31 UTC
bifrost-api.magazineluiza.com.br,magazineluiza.com.br,2026-05-15 13:26:32 UTC,2026-11-30 13:26:31 UTC
bifrost-api.stage-internal.magazineluiza.com.br,,ERRO: timeout na conexão,ERRO: timeout na conexão
big-brother-api-internal.magazineluiza.com.br,magazineluiza.com.br,2026-05-15 13:26:32 UTC,2026-11-30 13:26:31 UTC
big-brother-front-staging-origin.magazineluiza.com.br,,ERRO: write:errno=0,ERRO: write:errno=0
big-brother-front-temp.magazineluiza.com.br,,ERRO: write:errno=0,ERRO: write:errno=0
bigbrother-gcp.magazineluiza.com.br,,ERRO: timeout na conexão,ERRO: timeout na conexão
bigbrother-staging.magazineluiza.com.br,,ERRO: timeout na conexão,ERRO: timeout na conexão
bigweld-internal.magazineluiza.com.br,magazineluiza.com.br,2026-05-15 13:26:32 UTC,2026-11-30 13:26:31 UTC
bigweld-stage-internal.magazineluiza.com.br,,ERRO: timeout na conexão,ERRO: timeout na conexão
bigweld-stage.magazineluiza.com.br,,ERRO: write:errno=0,ERRO: write:errno=0
bigweld-staging.magazineluiza.com.br,,ERRO: connect:errno=0,ERRO: connect:errno=0
bigweld.magazineluiza.com.br,magazineluiza.com.br,2026-05-15 13:26:32 UTC,2026-11-30 13:26:31 UTC
billing-branches-api-internal.magazineluiza.com.br,,ERRO: timeout na conexão,ERRO: timeout na conexão
billing-branches-api.magazineluiza.com.br,*.magazineluiza.com.br,2025-05-08 00:00:00 UTC,2026-06-07 23:59:59 UTC
billing-branches-logistica-temp.magazineluiza.com.br,*.magazineluiza.com.br,2025-05-08 00:00:00 UTC,2026-06-07 23:59:59 UTC
billing-branches-logistica.magazineluiza.com.br,*.magazineluiza.com.br,2025-05-08 00:00:00 UTC,2026-06-07 23:59:59 UTC
billing-branches-stage-gcp.magazineluiza.com.br,*.magazineluiza.com.br,2025-05-08 00:00:00 UTC,2026-06-07 23:59:59 UTC
biluiza.magazineluiza.com.br,,ERRO: connect:errno=0,ERRO: connect:errno=0
birl-staging.magazineluiza.com.br,,ERRO: connect:errno=0,ERRO: connect:errno=0
bkoffice-param-api-internal.magazineluiza.com.br,magazineluiza.com.br,2026-05-15 13:26:32 UTC,2026-11-30 13:26:31 UTC
bkoffice-param-api.magazineluiza.com.br,magazineluiza.com.br,2026-05-15 13:26:32 UTC,2026-11-30 13:26:31 UTC
blog-da-lu-desktop-mgc.magazineluiza.com.br,magazineluiza.com.br,2026-05-15 13:26:32 UTC,2026-11-30 13:26:31 UTC
blog-da-lu-mobile-mgc.magazineluiza.com.br,magazineluiza.com.br,2026-05-15 13:26:32 UTC,2026-11-30 13:26:31 UTC
blogintegra.magazineluiza.com.br,,ERRO: connect:errno=0,ERRO: connect:errno=0
bloqueio-endereco-otb-api-production.magazineluiza.com.br,,ERRO: timeout na conexão,ERRO: timeout na conexão
bloqueio-endereco-otb-api-staging.magazineluiza.com.br,,ERRO: timeout na conexão,ERRO: timeout na conexão
bloqueio-intermitente-api.magazineluiza.com.br,,ERRO: write:errno=0,ERRO: write:errno=0
bloqueio-intermitente-stage.magazineluiza.com.br,,ERRO: connect:errno=0,ERRO: connect:errno=0
blue.clube.magazineluiza.com.br,,ERRO: connect:errno=0,ERRO: connect:errno=0
blue.magazineluiza.com.br,,ERRO: connect:errno=0,ERRO: connect:errno=0
bobby.magazineluiza.com.br,,ERRO: connect:errno=0,ERRO: connect:errno=0
boletim-origin.magazineluiza.com.br,,ERRO: timeout na conexão,ERRO: timeout na conexão
boleto.magazineluiza.com.br,,ERRO: connect:errno=0,ERRO: connect:errno=0
boo-stage.magazineluiza.com.br,,ERRO: timeout na conexão,ERRO: timeout na conexão
boo-staging.magazineluiza.com.br,,ERRO: connect:errno=0,ERRO: connect:errno=0
boo-teste.magazineluiza.com.br,i1.bitbol.la,2024-03-24 05:39:43 UTC,2024-06-22 06:34:37 UTC
boo.magazineluiza.com.br,*.magazineluiza.com.br,2025-05-08 00:00:00 UTC,2026-06-07 23:59:59 UTC
booklet-bills-integrator-api-pilot.magazineluiza.com.br,,ERRO: write:errno=0,ERRO: write:errno=0
booklet-bills-integrator-api.magazineluiza.com.br,magazineluiza.com.br,2026-05-15 13:26:32 UTC,2026-11-30 13:26:31 UTC
boomerang-adm-api.magazineluiza.com.br,compliance.dev.dakota.xyz,2026-04-11 20:27:12 UTC,2026-07-10 21:21:47 UTC
boomerang-api-hml.magazineluiza.com.br,,ERRO: write:errno=0,ERRO: write:errno=0
boomerang-api.magazineluiza.com.br,magazineluiza.com.br,2026-05-15 13:26:32 UTC,2026-11-30 13:26:31 UTC
bot-ajuste-ponto-staging.magazineluiza.com.br,,ERRO: timeout na conexão,ERRO: timeout na conexão
bot-hd-staging.magazineluiza.com.br,,ERRO: connect:errno=0,ERRO: connect:errno=0
bot-helpdesk-hml.magazineluiza.com.br,,ERRO: connect:errno=0,ERRO: connect:errno=0
bot-helpdesk.magazineluiza.com.br,,ERRO: connect:errno=0,ERRO: connect:errno=0
bounce.magazineluiza.com.br,,ERRO: connect:errno=0,ERRO: connect:errno=0
bragi-api-staging.magazineluiza.com.br,,ERRO: timeout na conexão,ERRO: timeout na conexão
bragi-sandbox-main.magazineluiza.com.br,,ERRO: timeout na conexão,ERRO: timeout na conexão
bragi.magazineluiza.com.br,*.magazineluiza.com.br,2025-05-08 00:00:00 UTC,2026-06-07 23:59:59 UTC
branch-register-api.magazineluiza.com.br,magazineluiza.com.br,2026-05-15 13:26:32 UTC,2026-11-30 13:26:31 UTC
branches-api-stage-gcp.magazineluiza.com.br,*.magazineluiza.com.br,2025-05-08 00:00:00 UTC,2026-06-07 23:59:59 UTC
branches-api-stage.magazineluiza.com.br,*.magazineluiza.com.br,2025-05-08 00:00:00 UTC,2026-06-07 23:59:59 UTC
branches-worker-stage.magazineluiza.com.br,*.magazineluiza.com.br,2025-05-08 00:00:00 UTC,2026-06-07 23:59:59 UTC
brandchannel.magazineluiza.com.br,,ERRO: connect:errno=0,ERRO: connect:errno=0
brook-worker.magazineluiza.com.br,magazineluiza.com.br,2026-05-15 13:26:32 UTC,2026-11-30 13:26:31 UTC
buddha-pilot.magazineluiza.com.br,magazineluiza.com.br,2026-05-15 13:26:32 UTC,2026-11-30 13:26:31 UTC
buddha.magazineluiza.com.br,magazineluiza.com.br,2026-05-15 13:26:32 UTC,2026-11-30 13:26:31 UTC
buddy-sandbox.magazineluiza.com.br,,ERRO: timeout na conexão,ERRO: timeout na conexão
buddy.magazineluiza.com.br,,ERRO: connect:errno=0,ERRO: connect:errno=0
bumblebee-transformers-logistica-temp.magazineluiza.com.br,*.indiamart.com,2026-03-17 00:00:00 UTC,2026-10-01 23:59:59 UTC
bumblebee-transformers-logistica.magazineluiza.com.br,*.indiamart.com,2026-03-17 00:00:00 UTC,2026-10-01 23:59:59 UTC
bumblebee-transformers.magazineluiza.com.br,*.indiamart.com,2026-03-17 00:00:00 UTC,2026-10-01 23:59:59 UTC
burns-api-temp.magazineluiza.com.br,,ERRO: write:errno=0,ERRO: write:errno=0
burns-api.magazineluiza.com.br,magazineluiza.com.br,2026-05-15 13:26:32 UTC,2026-11-30 13:26:31 UTC
burns-worker-staging.magazineluiza.com.br,,ERRO: timeout na conexão,ERRO: timeout na conexão
burns-worker.magazineluiza.com.br,cdn.helpout.us,2026-05-20 11:06:17 UTC,2026-08-18 12:00:10 UTC
burns.magazineluiza.com.br,,ERRO: write:errno=0,ERRO: write:errno=0
busca-offline-staging.magazineluiza.com.br,,ERRO: timeout na conexão,ERRO: timeout na conexão
buzzorder-api-internal.magazineluiza.com.br,,ERRO: timeout na conexão,ERRO: timeout na conexão
buzzorder-api-staging.magazineluiza.com.br,,ERRO: connect:errno=0,ERRO: connect:errno=0
buzzorder-api.magazineluiza.com.br,,ERRO: connect:errno=0,ERRO: connect:errno=0
buzzorder-balboa-api-staging.magazineluiza.com.br,,ERRO: timeout na conexão,ERRO: timeout na conexão
c3po-api.magazineluiza.com.br,,ERRO: write:errno=0,ERRO: write:errno=0
c3po-staging.magazineluiza.com.br,,ERRO: connect:errno=0,ERRO: connect:errno=0
c3vx7ybiaaqdtizaomp3pn2cdny46ths._domainkey.magazineluiza.com.br,,ERRO: connect:errno=0,ERRO: connect:errno=0
c863f801102d0e8de7d12b0b8e75999c.magazineluiza.com.br,,ERRO: connect:errno=0,ERRO: connect:errno=0
cabral-staging.magazineluiza.com.br,,ERRO: connect:errno=111,ERRO: connect:errno=111
caculinha-api-hml.magazineluiza.com.br,,ERRO: timeout na conexão,ERRO: timeout na conexão
caculinha-api-sandbox.magazineluiza.com.br,,ERRO: timeout na conexão,ERRO: timeout na conexão
caculinha.magazineluiza.com.br,,ERRO: connect:errno=0,ERRO: connect:errno=0
cadastro-produto-gateway-mgc-vpn.magazineluiza.com.br,magazineluiza.com.br,2026-05-15 13:26:32 UTC,2026-11-30 13:26:31 UTC
cadastro-produto-gateway-mgc.magazineluiza.com.br,magazineluiza.com.br,2026-05-15 13:26:32 UTC,2026-11-30 13:26:31 UTC
cadastro-produto-gateway.magazineluiza.com.br,magazineluiza.com.br,2026-05-15 13:26:32 UTC,2026-11-30 13:26:31 UTC
caduser-api-staging-internal.magazineluiza.com.br,magazineluiza.com.br,2026-05-15 13:26:32 UTC,2026-11-30 13:26:31 UTC
caduser-api-staging.magazineluiza.com.br,magazineluiza.com.br,2026-05-15 13:26:32 UTC,2026-11-30 13:26:31 UTC
caduser-api.magazineluiza.com.br,*.magazineluiza.com.br,2025-05-08 00:00:00 UTC,2026-06-07 23:59:59 UTC
cain-kinesis-products-staging-gcp.magazineluiza.com.br,,ERRO: timeout na conexão,ERRO: timeout na conexão
caipirinha-checkout-mgc.magazineluiza.com.br,magazineluiza.com.br,2026-05-15 13:26:32 UTC,2026-11-30 13:26:31 UTC
caipirinha-checkout-piloto-mgc.magazineluiza.com.br,magazineluiza.com.br,2026-05-15 13:26:32 UTC,2026-11-30 13:26:31 UTC
calculadora-cdc-api.magazineluiza.com.br,magazineluiza.com.br,2026-05-15 13:26:32 UTC,2026-11-30 13:26:31 UTC
calendar.magazineluiza.com.br,,ERRO: write:errno=0,ERRO: write:errno=0
camaleao-staging.magazineluiza.com.br,,ERRO: timeout na conexão,ERRO: timeout na conexão
camaleao-temp.magazineluiza.com.br,,ERRO: write:errno=0,ERRO: write:errno=0
camaleao.magazineluiza.com.br,,ERRO: timeout na conexão,ERRO: timeout na conexão
cancelamento-aba-api-production.magazineluiza.com.br,,ERRO: connect:errno=0,ERRO: connect:errno=0
cancelamento-aba-api-staging.magazineluiza.com.br,,ERRO: connect:errno=0,ERRO: connect:errno=0
capacidade-cd-lego-api-staging.magazineluiza.com.br,,ERRO: connect:errno=0,ERRO: connect:errno=0
capacidade-cd-lego-staging.magazineluiza.com.br,,ERRO: connect:errno=0,ERRO: connect:errno=0
capacidadecd-front-staging.magazineluiza.com.brmagazineluiza.com.br,,ERRO: connect:errno=0,ERRO: connect:errno=0
capacidadecd-stage.magazineluiza.com.br,magazineluiza.com.br,2026-05-15 13:26:32 UTC,2026-11-30 13:26:31 UTC
capacidadecd.magazineluiza.com.br,magazineluiza.com.br,2026-05-15 13:26:32 UTC,2026-11-30 13:26:31 UTC
capacidadecdlegoapi-prod.magazineluiza.com.br,,ERRO: connect:errno=0,ERRO: connect:errno=0
capinha.magazineluiza.com.br,,ERRO: connect:errno=111,ERRO: connect:errno=111
captive-wifi-c.magazineluiza.com.br,,ERRO: timeout na conexão,ERRO: timeout na conexão
captive-wifi-new.magazineluiza.com.br,,ERRO: connect:errno=0,ERRO: connect:errno=0
captive-wifi.magazineluiza.com.br,,ERRO: connect:errno=0,ERRO: connect:errno=0
cardissuer.magazineluiza.com.br,,ERRO: timeout na conexão,ERRO: timeout na conexão
carf-agenda-staging.magazineluiza.com.br,,ERRO: connect:errno=0,ERRO: connect:errno=0
carf-backend.magazineluiza.com.br,,ERRO: connect:errno=0,ERRO: connect:errno=0
carf-frontend-angular-staging.magazineluiza.com.br,,ERRO: connect:errno=0,ERRO: connect:errno=0
carf-nfe-xml-download-staging.magazineluiza.com.br,,ERRO: connect:errno=0,ERRO: connect:errno=0
carf-purchaseorders-api-staging.magazineluiza.com.br,,ERRO: connect:errno=0,ERRO: connect:errno=0
carf-staging.magazineluiza.com.br,,ERRO: connect:errno=0,ERRO: connect:errno=0
carf.magazineluiza.com.br,,ERRO: write:errno=0,ERRO: write:errno=0
carnedigital-api-origin.magazineluiza.com.br,magazineluiza.com.br,2026-05-15 13:26:32 UTC,2026-11-30 13:26:31 UTC
carnedigital-api-stage.magazineluiza.com.br,,ERRO: timeout na conexão,ERRO: timeout na conexão
cartao-shoplg.magazineluiza.com.br,,ERRO: timeout na conexão,ERRO: timeout na conexão
cartao-televendasb2b-sandbox.magazineluiza.com.br,,ERRO: timeout na conexão,ERRO: timeout na conexão
cartaoluizadigital-prod.magazineluiza.com.br,,ERRO: write:errno=0,ERRO: write:errno=0
cartaz-digital-hml-origin.magazineluiza.com.br,magazineluiza.com.br,2026-05-15 13:26:32 UTC,2026-11-30 13:26:31 UTC
carter-v2-stage.magazineluiza.com.br,,ERRO: timeout na conexão,ERRO: timeout na conexão
cash-recovery-api-staging.magazineluiza.com.br,,ERRO: timeout na conexão,ERRO: timeout na conexão
cashmarketing-auth-origin.magazineluiza.com.br,trck.sts.se,2026-04-25 17:53:52 UTC,2026-07-24 18:48:47 UTC
cashml.magazineluiza.com.br,,ERRO: timeout na conexão,ERRO: timeout na conexão
cashoracius.magazineluiza.com.br,,ERRO: timeout na conexão,ERRO: timeout na conexão
cat42-api.magazineluiza.com.br,magazineluiza.com.br,2026-05-15 13:26:32 UTC,2026-11-30 13:26:31 UTC
catalog-b2b.magazineluiza.com.br,,ERRO: connect:errno=0,ERRO: connect:errno=0
cayman-internal.magazineluiza.com.br,,ERRO: timeout na conexão,ERRO: timeout na conexão
cdnviagens.magazineluiza.com.br,,ERRO: timeout na conexão,ERRO: timeout na conexão
celia-api-gtw.magazineluiza.com.br,magazineluiza.com.br,2026-05-15 13:26:32 UTC,2026-11-30 13:26:31 UTC
celia-api.magazineluiza.com.br,magazineluiza.com.br,2026-05-15 13:26:32 UTC,2026-11-30 13:26:31 UTC
cert-sec-api-internal.magazineluiza.com.br,magazineluiza.com.br,2026-05-15 13:26:32 UTC,2026-11-30 13:26:31 UTC
cert-sec-api-sa-internal.magazineluiza.com.br,magazineluiza.com.br,2026-05-15 13:26:32 UTC,2026-11-30 13:26:31 UTC
cert-sec-api-sa.magazineluiza.com.br,magazineluiza.com.br,2026-05-15 13:26:32 UTC,2026-11-30 13:26:31 UTC
cert-sec-api-stage-internal.magazineluiza.com.br,,ERRO: timeout na conexão,ERRO: timeout na conexão
cert-sec-api.magazineluiza.com.br,magazineluiza.com.br,2026-05-15 13:26:32 UTC,2026-11-30 13:26:31 UTC
certificate-test.magazineluiza.com.br,,ERRO: timeout na conexão,ERRO: timeout na conexão
cfgdepara-external.magazineluiza.com.br,magazineluiza.com.br,2026-05-15 13:26:32 UTC,2026-11-30 13:26:31 UTC
cfgdepara-stage-internal.magazineluiza.com.br,,ERRO: timeout na conexão,ERRO: timeout na conexão
cfgdepara-stage.magazineluiza.com.br,*.magazineluiza.com.br,2025-05-08 00:00:00 UTC,2026-06-07 23:59:59 UTC
cfgdepara-staging.magazineluiza.com.br,,ERRO: write:errno=0,ERRO: write:errno=0
cfgdepara.magazineluiza.com.br,magazineluiza.com.br,2026-05-15 13:26:32 UTC,2026-11-30 13:26:31 UTC
cfxxc7ykeaewa5yrwk7aaxfgor26vh4t._domainkey.magazineluiza.com.br,,ERRO: connect:errno=0,ERRO: connect:errno=0
chameleon-gcp.magazineluiza.com.br,,ERRO: write:errno=0,ERRO: write:errno=0
chameleon-hml-public.magazineluiza.com.br,,ERRO: connect:errno=0,ERRO: connect:errno=0
chameleon-information-hml.magazineluiza.com.br,,ERRO: timeout na conexão,ERRO: timeout na conexão
chameleon-public.magazineluiza.com.br,,ERRO: connect:errno=0,ERRO: connect:errno=0
chameleon-sandbox.magazineluiza.com.br,,ERRO: connect:errno=0,ERRO: connect:errno=0
chameleon.magazineluiza.com.br,,ERRO: write:errno=0,ERRO: write:errno=0
chatbot-api-sqautomacao-origin.magazineluiza.com.br,,ERRO: write:errno=0,ERRO: write:errno=0
chatbot-api-stage.magazineluiza.com.br,,ERRO: timeout na conexão,ERRO: timeout na conexão
chaves-tributacao-api.magazineluiza.com.br,magazineluiza.com.br,2026-05-15 13:26:32 UTC,2026-11-30 13:26:31 UTC
chavito-api-internal.magazineluiza.com.br,,ERRO: timeout na conexão,ERRO: timeout na conexão
chavito-redis-master-staging-internal.magazineluiza.com.br,,ERRO: timeout na conexão,ERRO: timeout na conexão
checklist-api-stage.magazineluiza.com.br,,ERRO: timeout na conexão,ERRO: timeout na conexão
checklist-filiais-api-production.magazineluiza.com.br,daea0c0c17782ea2fp-tp.prod.lookerservices.goog,2026-04-27 12:38:05 UTC,2026-07-26 13:32:39 UTC
checklist-filiais-api-staging.magazineluiza.com.br,,ERRO: connect:errno=0,ERRO: connect:errno=0
checkout-admin-api-internal.magazineluiza.com.br,,ERRO: timeout na conexão,ERRO: timeout na conexão
checkout-admin-api-pontos-fisicos-a.magazineluiza.com.br,dialer.oviva.com,2026-05-15 22:32:19 UTC,2026-08-13 22:32:18 UTC
checkout-admin-api.magazineluiza.com.br,magazineluiza.com.br,2026-05-15 13:26:32 UTC,2026-11-30 13:26:31 UTC
checkout-autorizadora-mgc.magazineluiza.com.br,magazineluiza.com.br,2026-05-15 13:26:32 UTC,2026-11-30 13:26:31 UTC
checkout-billing-sandbox.magazineluiza.com.br,,ERRO: timeout na conexão,ERRO: timeout na conexão
checkout-caixa-resgate.magazineluiza.com.br,,ERRO: write:errno=0,ERRO: write:errno=0
checkout-payment-sandbox.magazineluiza.com.br,,ERRO: timeout na conexão,ERRO: timeout na conexão
checkout-service-motor-sandbox.magazineluiza.com.br,,ERRO: timeout na conexão,ERRO: timeout na conexão
checkout-tax-motor-sandbox.magazineluiza.com.br,,ERRO: timeout na conexão,ERRO: timeout na conexão
checkout-treasory-sandbox.magazineluiza.com.br,,ERRO: timeout na conexão,ERRO: timeout na conexão
checkout-treasury-sandbox.magazineluiza.com.br,,ERRO: timeout na conexão,ERRO: timeout na conexão
checkout-view-tributary-sandbox.magazineluiza.com.br,,ERRO: timeout na conexão,ERRO: timeout na conexão
checkout-view-tributary.magazineluiza.com.br,,ERRO: write:errno=0,ERRO: write:errno=0
checkoutadminapp-pontos-fisicos-a.magazineluiza.com.br,dev.getpop.jp,2026-04-14 23:24:57 UTC,2026-07-14 00:18:51 UTC
checkoutautorizadora-api.magazineluiza.com.br,,ERRO: timeout na conexão,ERRO: timeout na conexão
checkoutstatus-api.magazineluiza.com.br,,ERRO: timeout na conexão,ERRO: timeout na conexão
chico-sandbox.magazineluiza.com.br,,ERRO: timeout na conexão,ERRO: timeout na conexão
chico-staging.magazineluiza.com.br,,ERRO: timeout na conexão,ERRO: timeout na conexão
chromecast-advertising-api-mgc.magazineluiza.com.br,magazineluiza.com.br,2026-05-15 13:26:32 UTC,2026-11-30 13:26:31 UTC
chromecast-advertising-api-temp.magazineluiza.com.br,,ERRO: timeout na conexão,ERRO: timeout na conexão
chromecast-advertising-api.magazineluiza.com.br,magazineluiza.com.br,2026-05-15 13:26:32 UTC,2026-11-30 13:26:31 UTC
cla-staging.magazineluiza.com.br,,ERRO: timeout na conexão,ERRO: timeout na conexão
cla.magazineluiza.com.br,,ERRO: timeout na conexão,ERRO: timeout na conexão
cloudflare-verify.m.magazineluiza.com.br,,ERRO: timeout na conexão,ERRO: timeout na conexão
cloudflare-verify.magazineluiza.com.br,,ERRO: timeout na conexão,ERRO: timeout na conexão
clube-staging.magazineluiza.com.br,,ERRO: timeout na conexão,ERRO: timeout na conexão
clube.blue.clube.magazineluiza.com.br,,ERRO: timeout na conexão,ERRO: timeout na conexão
clube.green.clube.magazineluiza.com.br,,ERRO: timeout na conexão,ERRO: timeout na conexão
clube.oldsandbox.magazineluiza.com.br,,ERRO: timeout na conexão,ERRO: timeout na conexão
clube.sp1a.magazineluiza.com.br,,ERRO: timeout na conexão,ERRO: timeout na conexão
clube.sp1b.magazineluiza.com.br,,ERRO: timeout na conexão,ERRO: timeout na conexão
clube.spmcda.magazineluiza.com.br,,ERRO: timeout na conexão,ERRO: timeout na conexão
clube.spmcdb.magazineluiza.com.br,,ERRO: timeout na conexão,ERRO: timeout na conexão
clube.spy.magazineluiza.com.br,,ERRO: timeout na conexão,ERRO: timeout na conexão
clube.spz.magazineluiza.com.br,,ERRO: timeout na conexão,ERRO: timeout na conexão
clube.staging.magazineluiza.com.br,,ERRO: timeout na conexão,ERRO: timeout na conexão
clube2-cache-01.magazineluiza.com.br,,ERRO: timeout na conexão,ERRO: timeout na conexão
clube2-cache.magazineluiza.com.br,,ERRO: timeout na conexão,ERRO: timeout na conexão
clube2.green.clube2.magazineluiza.com.br,,ERRO: timeout na conexão,ERRO: timeout na conexão
clube3-internal.magazineluiza.com.br,,ERRO: timeout na conexão,ERRO: timeout na conexão
clubedalu.magazineluiza.com.br,,ERRO: timeout na conexão,ERRO: timeout na conexão
cnnzpuseelalzl5wicihin7xxpimhwc7._domainkey.magazineluiza.com.br,,ERRO: timeout na conexão,ERRO: timeout na conexão
cnpj-registration-api-staging.magazineluiza.com.br,,ERRO: timeout na conexão,ERRO: timeout na conexão
cnpj-registration-status-api-internal.magazineluiza.com.br,magazineluiza.com.br,2026-05-15 13:26:32 UTC,2026-11-30 13:26:31 UTC
cnpj-registration-status-api-origin.magazineluiza.com.br,magazineluiza.com.br,2026-05-15 13:26:32 UTC,2026-11-30 13:26:31 UTC
coa3i32h3vj5uiczjbenzhxk56vy2xi2._domainkey.magazineluiza.com.br,,ERRO: timeout na conexão,ERRO: timeout na conexão
cob.magazineluiza.com.br,,ERRO: timeout na conexão,ERRO: timeout na conexão
cobadmin-apigee-api.magazineluiza.com.br,,ERRO: timeout na conexão,ERRO: timeout na conexão
cobadmin-core-cadastro-api.magazineluiza.com.br,,ERRO: timeout na conexão,ERRO: timeout na conexão
cobr.magazineluiza.com.br,,ERRO: timeout na conexão,ERRO: timeout na conexão
collect-mongo1-cluster-02.magazineluiza.com.br,,ERRO: timeout na conexão,ERRO: timeout na conexão
collect-mongo1.magazineluiza.com.br,,ERRO: timeout na conexão,ERRO: timeout na conexão
collect-mongo2-cluster-02.magazineluiza.com.br,,ERRO: timeout na conexão,ERRO: timeout na conexão
collect-mongo2.magazineluiza.com.br,,ERRO: timeout na conexão,ERRO: timeout na conexão
collect-mongo3-cluster-02.magazineluiza.com.br,,ERRO: timeout na conexão,ERRO: timeout na conexão
collect-mongo3.magazineluiza.com.br,,ERRO: timeout na conexão,ERRO: timeout na conexão
comercial-rabbitmq-mgmt.magazineluiza.com.br,luizalabs.com,2026-05-06 19:03:42 UTC,2026-11-21 19:03:41 UTC
comercial-vendas-staging.magazineluiza.com.br,*.magazineluiza.com.br,2025-05-08 00:00:00 UTC,2026-06-07 23:59:59 UTC
comercial-vendas.magazineluiza.com.br,magazineluiza.com.br,2026-05-15 13:26:32 UTC,2026-11-30 13:26:31 UTC
comic-guy-api-staging.magazineluiza.com.br,,ERRO: timeout na conexão,ERRO: timeout na conexão
comic-guy-api.magazineluiza.com.br,magazineluiza.com.br,2026-05-15 13:26:32 UTC,2026-11-30 13:26:31 UTC
comic-guy-core-api-stage.magazineluiza.com.br,,ERRO: timeout na conexão,ERRO: timeout na conexão
comic-guy-core-stage.magazineluiza.com.br,,ERRO: timeout na conexão,ERRO: timeout na conexão
comic-guy-gateway-stage.magazineluiza.com.br,dev.api.trialapp.trial-net.co.jp,2026-05-18 04:04:54 UTC,2026-08-16 04:59:08 UTC
comic-guy-gateway.magazineluiza.com.br,structurizr-stg.yplatform.dev,2026-04-22 13:22:21 UTC,2026-07-21 14:17:16 UTC
comic-guy-sat-api-stage.magazineluiza.com.br,,ERRO: timeout na conexão,ERRO: timeout na conexão
comicguy-sat-stage.magazineluiza.com.br,,ERRO: timeout na conexão,ERRO: timeout na conexão
comschool.magazineluiza.com.br,,ERRO: timeout na conexão,ERRO: timeout na conexão
comunicacao-internal-temp.magazineluiza.com.br,,ERRO: timeout na conexão,ERRO: timeout na conexão
comunicacao-origin.magazineluiza.com.br,magazineluiza.com.br,2026-05-15 13:26:32 UTC,2026-11-30 13:26:31 UTC
conciliacao-mercurio-api-internal.magazineluiza.com.br,,ERRO: timeout na conexão,ERRO: timeout na conexão
conciliacao-mercurio-api.magazineluiza.com.br,magazineluiza.com.br,2026-05-15 13:26:32 UTC,2026-11-30 13:26:31 UTC
conciliador-api-stage.magazineluiza.com.br,magazineluiza.com.br,2026-05-15 13:26:32 UTC,2026-11-30 13:26:31 UTC
config-solr.magazineluiza.com.br,,ERRO: timeout na conexão,ERRO: timeout na conexão
consulta-vendas-mgc.magazineluiza.com.br,magazineluiza.com.br,2026-05-15 13:26:32 UTC,2026-11-30 13:26:31 UTC
contafluxo-stage.magazineluiza.com.br,,ERRO: timeout na conexão,ERRO: timeout na conexão
contafluxo.magazineluiza.com.br,,ERRO: timeout na conexão,ERRO: timeout na conexão
contasreceber-baixa-titulos-api-internal.magazineluiza.com.br,,ERRO: timeout na conexão,ERRO: timeout na conexão
contasreceber-baixa-titulos-api.magazineluiza.com.br,magazineluiza.com.br,2026-05-15 13:26:32 UTC,2026-11-30 13:26:31 UTC
contribuicoes-sindicais-api-internal.magazineluiza.com.br,magazineluiza.com.br,2026-05-15 13:26:32 UTC,2026-11-30 13:26:31 UTC
contribuicoes-sindicais-api.magazineluiza.com.br,magazineluiza.com.br,2026-05-15 13:26:32 UTC,2026-11-30 13:26:31 UTC
controladoria-consolidacao-api-staging.magazineluiza.com.br,,ERRO: timeout na conexão,ERRO: timeout na conexão
controladoria-glconnect-converter-api.magazineluiza.com.br,magazineluiza.com.br,2026-05-15 13:26:32 UTC,2026-11-30 13:26:31 UTC
controladoria-magalu-report-api.magazineluiza.com.br,magazineluiza.com.br,2026-05-15 13:26:32 UTC,2026-11-30 13:26:31 UTC
controladoria-metrics-staging.magazineluiza.com.br,*.magazineluiza.com.br,2025-05-08 00:00:00 UTC,2026-06-07 23:59:59 UTC
controladoria-metrics.magazineluiza.com.br,magazineluiza.com.br,2026-05-15 13:26:32 UTC,2026-11-30 13:26:31 UTC
controladoria-process-api.magazineluiza.com.br,magazineluiza.com.br,2026-05-15 13:26:32 UTC,2026-11-30 13:26:31 UTC
controladoria-saldo-st-params-api-staging.magazineluiza.com.br,*.magazineluiza.com.br,2025-05-08 00:00:00 UTC,2026-06-07 23:59:59 UTC
controladoria-saldo-st-params-api.magazineluiza.com.br,magazineluiza.com.br,2026-05-15 13:26:32 UTC,2026-11-30 13:26:31 UTC
controladoria-simulador-custos-calculation.magazineluiza.com.br,magazineluiza.com.br,2026-05-15 13:26:32 UTC,2026-11-30 13:26:31 UTC
controladoria-simulador-custos-share-api.magazineluiza.com.br,magazineluiza.com.br,2026-05-15 13:26:32 UTC,2026-11-30 13:26:31 UTC
controle-ponto-api.magazineluiza.com.br,magazineluiza.com.br,2026-05-15 13:26:32 UTC,2026-11-30 13:26:31 UTC
controle-producao-stage.magazineluiza.com.br,,ERRO: timeout na conexão,ERRO: timeout na conexão
controle-tributos-api.magazineluiza.com.br,magazineluiza.com.br,2026-05-15 13:26:32 UTC,2026-11-30 13:26:31 UTC
convocacao-intermitentes-app-reload.magazineluiza.com.br,,ERRO: timeout na conexão,ERRO: timeout na conexão
coragem-api.magazineluiza.com.br,,ERRO: timeout na conexão,ERRO: timeout na conexão
coragem-staging.magazineluiza.com.br,,ERRO: timeout na conexão,ERRO: timeout na conexão
core-relatorio.magazineluiza.com.br,,ERRO: timeout na conexão,ERRO: timeout na conexão
core.relatorio-staging.magazineluiza.com.br,,ERRO: timeout na conexão,ERRO: timeout na conexão
corleone-api-temp.magazineluiza.com.br,,ERRO: timeout na conexão,ERRO: timeout na conexão
corporativo-gcp.magazineluiza.com.br,,ERRO: timeout na conexão,ERRO: timeout na conexão
corporativo-multiplus.magazineluiza.com.br,,ERRO: timeout na conexão,ERRO: timeout na conexão
corporativo-origin.magazineluiza.com.br,staging.carmen.blog,2026-05-02 07:58:23 UTC,2026-07-31 08:52:57 UTC
corporativo-sandbox.magazineluiza.com.br,,ERRO: timeout na conexão,ERRO: timeout na conexão
corporativo-staging.magazineluiza.com.br,,ERRO: timeout na conexão,ERRO: timeout na conexão
corporativo-troca-staging.magazineluiza.com.br,,ERRO: timeout na conexão,ERRO: timeout na conexão
corporativo-v0.magazineluiza.com.br,,ERRO: timeout na conexão,ERRO: timeout na conexão
cr-baixa-titulos.magazineluiza.com.br,,ERRO: timeout na conexão,ERRO: timeout na conexão
crd-antifraud-avengers-sharon-internal.magazineluiza.com.br,,ERRO: timeout na conexão,ERRO: timeout na conexão
crd-avengers-af-carterv2-api-internal.magazineluiza.com.br,magazineluiza.com.br,2026-05-15 13:26:32 UTC,2026-11-30 13:26:31 UTC
crd-avengers-af-peterparker-api-internal.magazineluiza.com.br,magazineluiza.com.br,2026-05-15 13:26:32 UTC,2026-11-30 13:26:31 UTC
crd-avengers-af-shield-api-internal.magazineluiza.com.br,magazineluiza.com.br,2026-05-15 13:26:32 UTC,2026-11-30 13:26:31 UTC
crd-avengers-af-shield-api-prod-internal.magazineluiza.com.br,magazineluiza.com.br,2026-05-15 13:26:32 UTC,2026-11-30 13:26:31 UTC
crd-avengers-af-valkyrie-api-internal.magazineluiza.com.br,magazineluiza.com.br,2026-05-15 13:26:32 UTC,2026-11-30 13:26:31 UTC
crd-avengers-af-valkyrie-api-prod-internal.magazineluiza.com.br,,ERRO: timeout na conexão,ERRO: timeout na conexão
crd-avengers-cdc-carter-api-internal.magazineluiza.com.br,magazineluiza.com.br,2026-05-15 13:26:32 UTC,2026-11-30 13:26:31 UTC
crd-avengers-cdc-mark1-api-internal.magazineluiza.com.br,magazineluiza.com.br,2026-05-15 13:26:32 UTC,2026-11-30 13:26:31 UTC
crd-avengers-cl-foggy-api-internal.magazineluiza.com.br,magazineluiza.com.br,2026-05-15 13:26:32 UTC,2026-11-30 13:26:31 UTC
crd-avengers-cl-foggy-api-prod-internal.magazineluiza.com.br,magazineluiza.com.br,2026-05-15 13:26:32 UTC,2026-11-30 13:26:31 UTC
crd-avengers-cl-phil-api-internal.magazineluiza.com.br,magazineluiza.com.br,2026-05-15 13:26:32 UTC,2026-11-30 13:26:31 UTC
crd-avengers-uatu-api-prod-internal.magazineluiza.com.br,magazineluiza.com.br,2026-05-15 13:26:32 UTC,2026-11-30 13:26:31 UTC
crd-avengers-uatu-internal.magazineluiza.com.br,magazineluiza.com.br,2026-05-15 13:26:32 UTC,2026-11-30 13:26:31 UTC
crd-avengers-vc-erik-selvig-internal.magazineluiza.com.br,magazineluiza.com.br,2026-05-15 13:26:32 UTC,2026-11-30 13:26:31 UTC
crd-avengers-vc-pepper-api-internal.magazineluiza.com.br,magazineluiza.com.br,2026-05-15 13:26:32 UTC,2026-11-30 13:26:31 UTC
crd-avengers-vision-api-internal.magazineluiza.com.br,magazineluiza.com.br,2026-05-15 13:26:32 UTC,2026-11-30 13:26:31 UTC
crd-jackpot-internal.magazineluiza.com.br,magazineluiza.com.br,2026-05-15 13:26:32 UTC,2026-11-30 13:26:31 UTC
creditocerto.magazineluiza.com.br,magazineluiza.com.br,2026-05-15 13:26:32 UTC,2026-11-30 13:26:31 UTC
crossknowledge-staging.magazineluiza.com.br,,ERRO: timeout na conexão,ERRO: timeout na conexão
csc-cobranca-mgc-origin.magazineluiza.com.br,magazineluiza.com.br,2026-05-15 13:26:32 UTC,2026-11-30 13:26:31 UTC
csc-cobranca-origin.magazineluiza.com.br,magazineluiza.com.br,2026-05-15 13:26:32 UTC,2026-11-30 13:26:31 UTC
cupom-robot-staging.magazineluiza.com.br,,ERRO: timeout na conexão,ERRO: timeout na conexão
curitiba-prod.magazineluiza.com.br,,ERRO: timeout na conexão,ERRO: timeout na conexão
curitiba-staging.magazineluiza.com.br,,ERRO: timeout na conexão,ERRO: timeout na conexão
cursos.magazineluiza.com.br,,ERRO: timeout na conexão,ERRO: timeout na conexão
customer-ms-aux.magazineluiza.com.br,,ERRO: timeout na conexão,ERRO: timeout na conexão
customer-ms-origin.magazineluiza.com.br,,ERRO: timeout na conexão,ERRO: timeout na conexão
customer-ms-temp.magazineluiza.com.br,btec-us.api.qa.cmegroup.com,2026-05-25 00:42:42 UTC,2026-08-23 01:28:31 UTC
customer-ms.magazineluiza.com.br,magazineluiza.com.br,2026-05-15 13:26:32 UTC,2026-11-30 13:26:31 UTC
customers-ms-api-temp.magazineluiza.com.br,,ERRO: timeout na conexão,ERRO: timeout na conexão
customers-ms-api.magazineluiza.com.br,magazineluiza.com.br,2026-05-15 13:26:32 UTC,2026-11-30 13:26:31 UTC
customers-ms-pontos-fisicos-a.magazineluiza.com.br,,ERRO: timeout na conexão,ERRO: timeout na conexão
customers-ms-staging.magazineluiza.com.br,,ERRO: timeout na conexão,ERRO: timeout na conexão
customers-ms-tmp.magazineluiza.com.br,,ERRO: timeout na conexão,ERRO: timeout na conexão
cx.magazineluiza.com.br,,ERRO: timeout na conexão,ERRO: timeout na conexão
dan-a.magazineluiza.com.br,,ERRO: timeout na conexão,ERRO: timeout na conexão
dan-c-new.magazineluiza.com.br,,ERRO: timeout na conexão,ERRO: timeout na conexão
dan-c.magazineluiza.com.br,,ERRO: timeout na conexão,ERRO: timeout na conexão
dan-gcp.magazineluiza.com.br,,ERRO: timeout na conexão,ERRO: timeout na conexão
dan.magazineluiza.com.br,,ERRO: timeout na conexão,ERRO: timeout na conexão
dark-matter-api-apigee.magazineluiza.com.br,magazineluiza.com.br,2026-05-15 13:26:32 UTC,2026-11-30 13:26:31 UTC
dark-matter-api-internal.magazineluiza.com.br,magazineluiza.com.br,2026-05-15 13:26:32 UTC,2026-11-30 13:26:31 UTC
dark-matter-api.magazineluiza.com.br,magazineluiza.com.br,2026-05-15 13:26:32 UTC,2026-11-30 13:26:31 UTC
dark-matter-pontos-fisicos-a.magazineluiza.com.br,prod-west.digital-healthservices.cvs.com,2026-02-26 00:00:00 UTC,2026-09-09 23:59:59 UTC
dark-matter-staging-internal.magazineluiza.com.br,,ERRO: timeout na conexão,ERRO: timeout na conexão
dark-matter-staging-origin.magazineluiza.com.br,magazineluiza.com.br,2026-05-15 13:26:32 UTC,2026-11-30 13:26:31 UTC
dark-matter-temp.magazineluiza.com.br,prod-west.digital-healthservices.cvs.com,2026-02-26 00:00:00 UTC,2026-09-09 23:59:59 UTC
dark-matter.magazineluiza.com.br,,ERRO: timeout na conexão,ERRO: timeout na conexão
dart-api-staging.magazineluiza.com.br,,ERRO: timeout na conexão,ERRO: timeout na conexão
dash-ads-origin.magazineluiza.com.br,,ERRO: timeout na conexão,ERRO: timeout na conexão
dash-staging.magazineluiza.com.br,,ERRO: timeout na conexão,ERRO: timeout na conexão
dash.magazineluiza.com.br,magazineluiza.com.br,2026-05-15 13:26:32 UTC,2026-11-30 13:26:31 UTC
dataloadecf-staging.magazineluiza.com.br,,ERRO: timeout na conexão,ERRO: timeout na conexão
dataloadecf.magazineluiza.com.br,,ERRO: timeout na conexão,ERRO: timeout na conexão
dataloadgeneral-staging.magazineluiza.com.br,,ERRO: timeout na conexão,ERRO: timeout na conexão
dataloadgeneral.magazineluiza.com.br,,ERRO: timeout na conexão,ERRO: timeout na conexão
db-people-flow-counter.magazineluiza.com.br,,ERRO: timeout na conexão,ERRO: timeout na conexão
dc-aquaman-api-internal.magazineluiza.com.br,magazineluiza.com.br,2026-05-15 13:26:32 UTC,2026-11-30 13:26:31 UTC
dc-aquaman-api-pilot.magazineluiza.com.br,,ERRO: timeout na conexão,ERRO: timeout na conexão
dc-aquaman-api-staging.magazineluiza.com.br,,ERRO: timeout na conexão,ERRO: timeout na conexão
dc-aquaman-api.magazineluiza.com.br,magazineluiza.com.br,2026-05-15 13:26:32 UTC,2026-11-30 13:26:31 UTC
dc-aquaman-app-staging.magazineluiza.com.br,,ERRO: timeout na conexão,ERRO: timeout na conexão
dc-batman-api-internal.magazineluiza.com.br,magazineluiza.com.br,2026-05-15 13:26:32 UTC,2026-11-30 13:26:31 UTC
dc-batman-api-pilot.magazineluiza.com.br,,ERRO: timeout na conexão,ERRO: timeout na conexão
dc-batman-api.magazineluiza.com.br,magazineluiza.com.br,2026-05-15 13:26:32 UTC,2026-11-30 13:26:31 UTC
dc-coringa-api-internal.magazineluiza.com.br,magazineluiza.com.br,2026-05-15 13:26:32 UTC,2026-11-30 13:26:31 UTC
dc-coringa-api-staging.magazineluiza.com.br,,ERRO: timeout na conexão,ERRO: timeout na conexão
dc-coringa-api.magazineluiza.com.br,magazineluiza.com.br,2026-05-15 13:26:32 UTC,2026-11-30 13:26:31 UTC
deckard-api-internal.magazineluiza.com.br,magazineluiza.com.br,2026-05-15 13:26:32 UTC,2026-11-30 13:26:31 UTC
deckard-api.magazineluiza.com.br,magazineluiza.com.br,2026-05-15 13:26:32 UTC,2026-11-30 13:26:31 UTC
deckard-meta-gcp.magazineluiza.com.br,,ERRO: timeout na conexão,ERRO: timeout na conexão
deckard-meta-staging-gcp.magazineluiza.com.br,,ERRO: timeout na conexão,ERRO: timeout na conexão
deckard-meta-staging.magazineluiza.com.br,,ERRO: timeout na conexão,ERRO: timeout na conexão
deckard-reader-api-staging.magazineluiza.com.br,,ERRO: timeout na conexão,ERRO: timeout na conexão
deckard-search-api-gcp-temp.magazineluiza.com.br,*.hd-pricing-dev.gcp.homedepot.com,2026-03-11 00:00:00 UTC,2026-09-25 23:59:59 UTC
deckard-search-api-gcp-tmp.magazineluiza.com.br,,ERRO: timeout na conexão,ERRO: timeout na conexão
deckard-search-api-mgc.magazineluiza.com.br,magazineluiza.com.br,2026-05-15 13:26:32 UTC,2026-11-30 13:26:31 UTC
deckard-search-api-tmp-gke.magazineluiza.com.br,sonarqube.saleago.com,2026-04-24 19:00:49 UTC,2026-07-23 19:55:03 UTC
deckard-writer-api-staging.magazineluiza.com.br,,ERRO: timeout na conexão,ERRO: timeout na conexão
delivery-inbound-api-internal.magazineluiza.com.br,magazineluiza.com.br,2026-05-15 13:26:32 UTC,2026-11-30 13:26:31 UTC
delivery-inbound-api-pilot-internal.magazineluiza.com.br,,ERRO: timeout na conexão,ERRO: timeout na conexão
delivery-inbound-api-staging.magazineluiza.com.br,,ERRO: timeout na conexão,ERRO: timeout na conexão
delivery-inbound-api-v2-staging.magazineluiza.com.br,,ERRO: timeout na conexão,ERRO: timeout na conexão
delivery-inbound-api-v2.magazineluiza.com.br,,ERRO: timeout na conexão,ERRO: timeout na conexão
delivery-inbound-api.magazineluiza.com.br,magazineluiza.com.br,2026-05-15 13:26:32 UTC,2026-11-30 13:26:31 UTC
demogorgon-api-mgc.magazineluiza.com.br,magazineluiza.com.br,2026-05-15 13:26:32 UTC,2026-11-30 13:26:31 UTC
demogorgon-api-staging.magazineluiza.com.br,,ERRO: timeout na conexão,ERRO: timeout na conexão
demogorgon-api.magazineluiza.com.br,magazineluiza.com.br,2026-05-15 13:26:32 UTC,2026-11-30 13:26:31 UTC
despesaloja.magazineluiza.com.br,,ERRO: timeout na conexão,ERRO: timeout na conexão
dev-baker-ap.magazineluiza.com.br,,ERRO: timeout na conexão,ERRO: timeout na conexão
dev-baker-ar.magazineluiza.com.br,,ERRO: timeout na conexão,ERRO: timeout na conexão
dev-baker-po.magazineluiza.com.br,,ERRO: timeout na conexão,ERRO: timeout na conexão
dev-baker-supplier.magazineluiza.com.br,,ERRO: timeout na conexão,ERRO: timeout na conexão
dev.magazineluiza.com.br,,ERRO: timeout na conexão,ERRO: timeout na conexão
developer.magazineluiza.com.br,,ERRO: timeout na conexão,ERRO: timeout na conexão
dewey-largo-api-gtw-internal.magazineluiza.com.br,magazineluiza.com.br,2026-05-15 13:26:32 UTC,2026-11-30 13:26:31 UTC
dewey-largo-api-internal.magazineluiza.com.br,magazineluiza.com.br,2026-05-15 13:26:32 UTC,2026-11-30 13:26:31 UTC
dewey-largo-api.magazineluiza.com.br,magazineluiza.com.br,2026-05-15 13:26:32 UTC,2026-11-30 13:26:31 UTC
dewey-largo-app-argocd-staging.magazineluiza.com.br,,ERRO: timeout na conexão,ERRO: timeout na conexão
dewey-largo-buddy-api-mgc.magazineluiza.com.br,,ERRO: timeout na conexão,ERRO: timeout na conexão
dewey-largo-buddy-api.magazineluiza.com.br,magazineluiza.com.br,2026-05-15 13:26:32 UTC,2026-11-30 13:26:31 UTC
dewey-largo-consumer-api-stage.magazineluiza.com.br,,ERRO: timeout na conexão,ERRO: timeout na conexão
dewey-largo-consumer-api.magazineluiza.com.br,magazineluiza.com.br,2026-05-15 13:26:32 UTC,2026-11-30 13:26:31 UTC
dewey-largo-consumer-internal.magazineluiza.com.br,magazineluiza.com.br,2026-05-15 13:26:32 UTC,2026-11-30 13:26:31 UTC
dewey-largo-consumer.magazineluiza.com.br,,ERRO: timeout na conexão,ERRO: timeout na conexão
dewey-largo-credit-api-stage.magazineluiza.com.br,,ERRO: timeout na conexão,ERRO: timeout na conexão
dewey-largo-front-api-staging.magazineluiza.com.br,,ERRO: timeout na conexão,ERRO: timeout na conexão
dewey-largo-marisa-api-stage.magazineluiza.com.br,,ERRO: timeout na conexão,ERRO: timeout na conexão
dewey-largo-p52-api.magazineluiza.com.br,*.magazineluiza.com.br,2025-05-08 00:00:00 UTC,2026-06-07 23:59:59 UTC
dewey-largo-sesamo-api-internal.magazineluiza.com.br,,ERRO: timeout na conexão,ERRO: timeout na conexão
dewey-largo-sesamo-stage.magazineluiza.com.br,,ERRO: timeout na conexão,ERRO: timeout na conexão
dewey-largo-tef-api.magazineluiza.com.br,img.ekkowassets.com,2026-04-21 05:35:51 UTC,2026-07-20 06:29:25 UTC
deweylargo-staging.magazineluiza.com.br,,ERRO: timeout na conexão,ERRO: timeout na conexão
dig-dug-sender-stage-internal.magazineluiza.com.br,*.magazineluiza.com.br,2025-05-08 00:00:00 UTC,2026-06-07 23:59:59 UTC
dionisio-api.magazineluiza.com.br,magazineluiza.com.br,2026-05-15 13:26:32 UTC,2026-11-30 13:26:31 UTC
dionisio-balboa-api-internal.magazineluiza.com.br,,ERRO: timeout na conexão,ERRO: timeout na conexão
dionisio-balboa-api.magazineluiza.com.br,magazineluiza.com.br,2026-05-15 13:26:32 UTC,2026-11-30 13:26:31 UTC
dionisio-cancelamentos-fininvest.magazineluiza.com.br,,ERRO: timeout na conexão,ERRO: timeout na conexão
dionisio-carga-cancelamento-analise-api.magazineluiza.com.br,magazineluiza.com.br,2026-05-15 13:26:32 UTC,2026-11-30 13:26:31 UTC
dionisio-core-internal.magazineluiza.com.br,,ERRO: timeout na conexão,ERRO: timeout na conexão
dionisio-core.magazineluiza.com.br,magazineluiza.com.br,2026-05-15 13:26:32 UTC,2026-11-30 13:26:31 UTC
dionisio-generic-orquestration.magazineluiza.com.br,magazineluiza.com.br,2026-05-15 13:26:32 UTC,2026-11-30 13:26:31 UTC
dionisio-gtw.magazineluiza.com.br,,ERRO: timeout na conexão,ERRO: timeout na conexão
dionisio-integracao-api.magazineluiza.com.br,magazineluiza.com.br,2026-05-15 13:26:32 UTC,2026-11-30 13:26:31 UTC
dionisio-integracao-cancelamentos-internal.magazineluiza.com.br,,ERRO: timeout na conexão,ERRO: timeout na conexão
dionisio-integracao-cancelamentos.magazineluiza.com.br,magazineluiza.com.br,2026-05-15 13:26:32 UTC,2026-11-30 13:26:31 UTC
dionisio-tef-api-internal.magazineluiza.com.br,,ERRO: timeout na conexão,ERRO: timeout na conexão
dionisio-tef-api.magazineluiza.com.br,magazineluiza.com.br,2026-05-15 13:26:32 UTC,2026-11-30 13:26:31 UTC
dionisio-valida-submissao-cancelamento.magazineluiza.com.br,magazineluiza.com.br,2026-05-15 13:26:32 UTC,2026-11-30 13:26:31 UTC
dionisio.magazineluiza.com.br,magazineluiza.com.br,2026-05-15 13:26:32 UTC,2026-11-30 13:26:31 UTC
districotas-api-staging.magazineluiza.com.br,,ERRO: timeout na conexão,ERRO: timeout na conexão
districotas-api.magazineluiza.com.br,moow.am,2026-04-07 02:37:04 UTC,2026-07-06 03:29:57 UTC
dk._domainkey.magazineluiza.com.br,,ERRO: timeout na conexão,ERRO: timeout na conexão
dmitri-cities-internal.magazineluiza.com.br,,ERRO: timeout na conexão,ERRO: timeout na conexão
dmitri-dynamic-estimate-worker-stage.magazineluiza.com.br,*.magazineluiza.com.br,2025-05-08 00:00:00 UTC,2026-06-07 23:59:59 UTC
dmitri-dynamic-estimate-worker.magazineluiza.com.br,,ERRO: timeout na conexão,ERRO: timeout na conexão
dmitri-internal.magazineluiza.com.br,,ERRO: timeout na conexão,ERRO: timeout na conexão
dmitri-pre-prod.magazineluiza.com.br,*.funnygaming.vip,2025-01-21 00:00:00 UTC,2026-01-28 23:59:59 UTC
dmitri-sandbox-internal.magazineluiza.com.br,,ERRO: timeout na conexão,ERRO: timeout na conexão
dmitri-sandbox.magazineluiza.com.br,*.magazineluiza.com.br,2025-05-08 00:00:00 UTC,2026-06-07 23:59:59 UTC
dns\040x9-api-staging.magazineluiza.com.br,,ERRO: connect:errno=0,ERRO: connect:errno=0
docfis-callback-api.magazineluiza.com.br,magazineluiza.com.br,2026-05-15 13:26:32 UTC,2026-11-30 13:26:31 UTC
docs-conformidade-fiscal-gateway-origin.magazineluiza.com.br,magazineluiza.com.br,2026-05-15 13:26:32 UTC,2026-11-30 13:26:31 UTC
donatello-sandbox.magazineluiza.com.br,,ERRO: timeout na conexão,ERRO: timeout na conexão
donatello.magazineluiza.com.br,2059826456.us-central1-1096269022495.staging-ann.vertexai.goog,2026-05-04 10:52:59 UTC,2026-08-02 11:44:52 UTC
donnie-staging-internal.magazineluiza.com.br,,ERRO: timeout na conexão,ERRO: timeout na conexão
dontstopmenow.magazineluiza.com.br,zen2-cloud-functions.dev.fetchnow.eu,2026-05-26 12:44:06 UTC,2026-08-24 13:37:20 UTC
doory-a-staging.magazineluiza.com.br,,ERRO: timeout na conexão,ERRO: timeout na conexão
doory-a.magazineluiza.com.br,,ERRO: timeout na conexão,ERRO: timeout na conexão
doory-b-staging.magazineluiza.com.br,,ERRO: timeout na conexão,ERRO: timeout na conexão
doory-elasticsearch-gcp-internal-v623.magazineluiza.com.br,,ERRO: timeout na conexão,ERRO: timeout na conexão
doory-elasticsearch-gcp-internal-v7.magazineluiza.com.br,,ERRO: timeout na conexão,ERRO: timeout na conexão
doory-elasticsearch-gcp-internal.magazineluiza.com.br,,ERRO: timeout na conexão,ERRO: timeout na conexão
doory-elasticsearch-gcp-v623.magazineluiza.com.br,,ERRO: timeout na conexão,ERRO: timeout na conexão
doory-elasticsearch-gcp-v7.magazineluiza.com.br,,ERRO: timeout na conexão,ERRO: timeout na conexão
doory-elasticsearch-gcp.magazineluiza.com.br,,ERRO: timeout na conexão,ERRO: timeout na conexão
doory-elasticsearch-internal.magazineluiza.com.br,,ERRO: timeout na conexão,ERRO: timeout na conexão
doory-elasticsearch.magazineluiza.com.br,,ERRO: timeout na conexão,ERRO: timeout na conexão
doory-es-external.magazineluiza.com.br,,ERRO: timeout na conexão,ERRO: timeout na conexão
doory-gcp.magazineluiza.com.br,,ERRO: timeout na conexão,ERRO: timeout na conexão
doory-indexer-staging.magazineluiza.com.br,,ERRO: timeout na conexão,ERRO: timeout na conexão
doory-internal.magazineluiza.com.br,,ERRO: timeout na conexão,ERRO: timeout na conexão
doory-kibana.magazineluiza.com.br,,ERRO: timeout na conexão,ERRO: timeout na conexão
doory-mongodb-staging.magazineluiza.com.br,,ERRO: timeout na conexão,ERRO: timeout na conexão
doory-ranking-quality-staging.magazineluiza.com.br,,ERRO: timeout na conexão,ERRO: timeout na conexão
doory-sandbox.magazineluiza.com.br,,ERRO: timeout na conexão,ERRO: timeout na conexão
doory-search-compare-staging.magazineluiza.com.br,,ERRO: timeout na conexão,ERRO: timeout na conexão
doory-staging.magazineluiza.com.br,,ERRO: timeout na conexão,ERRO: timeout na conexão
doory.magazineluiza.com.br,,ERRO: timeout na conexão,ERRO: timeout na conexão
downloads-apps.magazineluiza.com.br,lightdash.data.zeals.cloud,2026-05-15 00:18:54 UTC,2026-08-13 01:13:08 UTC
dracarys-api.magazineluiza.com.br,magazineluiza.com.br,2026-05-15 13:26:32 UTC,2026-11-30 13:26:31 UTC
drift-transformers-logistica-internal.magazineluiza.com.br,magazineluiza.com.br,2026-05-15 13:26:32 UTC,2026-11-30 13:26:31 UTC
driller-api-stage.magazineluiza.com.br,*.magazineluiza.com.br,2025-05-08 00:00:00 UTC,2026-06-07 23:59:59 UTC
driller-api.magazineluiza.com.br,magazineluiza.com.br,2026-05-15 13:26:32 UTC,2026-11-30 13:26:31 UTC
drive-thru-api-temp.magazineluiza.com.br,,ERRO: timeout na conexão,ERRO: timeout na conexão
drive-thru-api.magazineluiza.com.br,magazineluiza.com.br,2026-05-15 13:26:32 UTC,2026-11-30 13:26:31 UTC
drive-thru-sandbox.magazineluiza.com.br,magazineluiza.com.br,2026-05-15 13:26:32 UTC,2026-11-30 13:26:31 UTC
drive.magazineluiza.com.br,,ERRO: timeout na conexão,ERRO: timeout na conexão
drogon-bff-origin.magazineluiza.com.br,magazineluiza.com.br,2026-05-15 13:26:32 UTC,2026-11-30 13:26:31 UTC
duck-tales-internal.magazineluiza.com.br,magazineluiza.com.br,2026-05-15 13:26:32 UTC,2026-11-30 13:26:31 UTC
duck-tales-staging.magazineluiza.com.br,,ERRO: timeout na conexão,ERRO: timeout na conexão
duck-tales.magazineluiza.com.br,magazineluiza.com.br,2026-05-15 13:26:32 UTC,2026-11-30 13:26:31 UTC
ducktales-boing.magazineluiza.com.br,cdn.samagama.ai,2026-05-07 17:45:21 UTC,2026-08-05 18:39:15 UTC
ducktales-irmaos-metralha-categoria-staging.magazineluiza.com.br,,ERRO: timeout na conexão,ERRO: timeout na conexão
ducktales-irmaos-metralha-financeiro-pontos-fisicos-a.magazineluiza.com.br,,ERRO: timeout na conexão,ERRO: timeout na conexão
ducktales-irmaos-metralha-financeiro-staging.magazineluiza.com.br,,ERRO: timeout na conexão,ERRO: timeout na conexão
ducktales-irmaos-metralha-financeiro.magazineluiza.com.br,,ERRO: timeout na conexão,ERRO: timeout na conexão
ducktales-irmaos-metralha-servico-pontos-fisicos-a.magazineluiza.com.br,,ERRO: timeout na conexão,ERRO: timeout na conexão
ducktales-irmaos-metralha-servico-staging.magazineluiza.com.br,,ERRO: timeout na conexão,ERRO: timeout na conexão
ducktales-irmaos-metralha-servico.magazineluiza.com.br,,ERRO: timeout na conexão,ERRO: timeout na conexão
ducktales-irmaos-metralha-subcategoria-pontos-fisicos-a.magazineluiza.com.br,*.truckercloud.com,2026-05-20 13:50:35 UTC,2026-08-18 13:50:34 UTC
ducktales-irmaos-metralha-subcategoria-staging.magazineluiza.com.br,,ERRO: timeout na conexão,ERRO: timeout na conexão
ducktales-irmaos-metralha-subcategoria.magazineluiza.com.br,*.truckercloud.com,2026-05-20 13:50:35 UTC,2026-08-18 13:50:34 UTC
ducktales-patricia-temp.magazineluiza.com.br,lob.spicemoney.com,2026-04-05 13:35:06 UTC,2026-07-04 14:29:00 UTC
ducktape-staging.magazineluiza.com.br,,ERRO: timeout na conexão,ERRO: timeout na conexão
dynamo-admin-staging.magazineluiza.com.br,,ERRO: timeout na conexão,ERRO: timeout na conexão
dynamo-admin-temp.magazineluiza.com.br,,ERRO: timeout na conexão,ERRO: timeout na conexão
dynamo-admin.magazineluiza.com.br,,ERRO: timeout na conexão,ERRO: timeout na conexão
dynamo-calculate-staging.magazineluiza.com.br,,ERRO: timeout na conexão,ERRO: timeout na conexão
e-proc.magazineluiza.com.br,,ERRO: timeout na conexão,ERRO: timeout na conexão
eaceites-admin-api-stage.magazineluiza.com.br,,ERRO: timeout na conexão,ERRO: timeout na conexão
eaceites-api-origin.magazineluiza.com.br,,ERRO: timeout na conexão,ERRO: timeout na conexão
eaceites-user-api-stage.magazineluiza.com.br,,ERRO: timeout na conexão,ERRO: timeout na conexão
easypay-api.magazineluiza.com.br,magazineluiza.com.br,2026-05-15 13:26:32 UTC,2026-11-30 13:26:31 UTC
easypay-approval-stage.magazineluiza.com.br,magazineluiza.com.br,2026-05-15 13:26:32 UTC,2026-11-30 13:26:31 UTC
easypay-approval.magazineluiza.com.br,magazineluiza.com.br,2026-05-15 13:26:32 UTC,2026-11-30 13:26:31 UTC
ebisu-api-internal.magazineluiza.com.br,,ERRO: timeout na conexão,ERRO: timeout na conexão
ed3dfd78d6ed2d5d243ea92854d20043.missaodigital.magazineluiza.com.br,,ERRO: timeout na conexão,ERRO: timeout na conexão
eddie-adjust-staging.magazineluiza.com.br,,ERRO: timeout na conexão,ERRO: timeout na conexão
eddie-api.magazineluiza.com.br,,ERRO: timeout na conexão,ERRO: timeout na conexão
eddie-lite.magazineluiza.com.br,,ERRO: timeout na conexão,ERRO: timeout na conexão
eddie-meta-api-internal.magazineluiza.com.br,magazineluiza.com.br,2026-05-15 13:26:32 UTC,2026-11-30 13:26:31 UTC
eddie-meta-api-origin.magazineluiza.com.br,,ERRO: timeout na conexão,ERRO: timeout na conexão
eddie-meta-api-staging.magazineluiza.com.br,,ERRO: timeout na conexão,ERRO: timeout na conexão
eddie-meta-api-tmp-gke.magazineluiza.com.br,,ERRO: timeout na conexão,ERRO: timeout na conexão
eddie-meta-api.magazineluiza.com.br,magazineluiza.com.br,2026-05-15 13:26:32 UTC,2026-11-30 13:26:31 UTC
eddie-stock-adjust-staging-onprem.magazineluiza.com.br,,ERRO: connect:errno=0,ERRO: connect:errno=0
eddie-v1-api-gcp-internal.magazineluiza.com.br,magazineluiza.com.br,2026-05-15 13:26:32 UTC,2026-11-30 13:26:31 UTC
eddie-v1-api-gcp-internal.magazineluiza.com.brmagazineluiza.com.br,,ERRO: timeout na conexão,ERRO: timeout na conexão
eddie-v1-api-gcp-temp.magazineluiza.com.br,dev-conector-universal.gcp.clarobrasil.mobi,2026-04-10 09:11:55 UTC,2026-07-09 10:05:28 UTC
eddie-v1-api-gcp.magazineluiza.com.br,magazineluiza.com.br,2026-05-15 13:26:32 UTC,2026-11-30 13:26:31 UTC
eddie-v1-api-trooper.magazineluiza.com.br,,ERRO: timeout na conexão,ERRO: timeout na conexão
eddie-v1-api.magazineluiza.com.br,,ERRO: timeout na conexão,ERRO: timeout na conexão
eddie-v2-core-staging.magazineluiza.com.br,,ERRO: timeout na conexão,ERRO: timeout na conexão
eddie-v2-core-trooper.magazineluiza.com.br,,ERRO: timeout na conexão,ERRO: timeout na conexão
eddie-v2-gateway-gcp-internal.magazineluiza.com.br,,ERRO: timeout na conexão,ERRO: timeout na conexão
eddie-v2-gateway-gcp.magazineluiza.com.br,,ERRO: timeout na conexão,ERRO: timeout na conexão
eddie-v2-gateway-staging.magazineluiza.com.br,,ERRO: timeout na conexão,ERRO: timeout na conexão
eddie-v2-gateway.magazineluiza.com.br,,ERRO: timeout na conexão,ERRO: timeout na conexão
eddie-v2-meta-gcp.magazineluiza.com.br,dartmouth-health.mentorcliq.com,2026-04-24 06:27:35 UTC,2026-07-23 07:21:49 UTC
eddie-v2-meta-staging.magazineluiza.com.br,,ERRO: timeout na conexão,ERRO: timeout na conexão
eddie-v3-core-staging.magazineluiza.com.br,*.magazineluiza.com.br,2025-05-08 00:00:00 UTC,2026-06-07 23:59:59 UTC
eddie-v3-core.magazineluiza.com.br,,ERRO: timeout na conexão,ERRO: timeout na conexão
eddie-v3-gateway-global-access.magazineluiza.com.br,magazineluiza.com.br,2026-05-15 13:26:32 UTC,2026-11-30 13:26:31 UTC
eddie-v3-gateway-internal.magazineluiza.com.br,magazineluiza.com.br,2026-05-15 13:26:32 UTC,2026-11-30 13:26:31 UTC
eddie-v3-gateway-origin.magazineluiza.com.br,,ERRO: timeout na conexão,ERRO: timeout na conexão
eddie-v3-gateway-staging.magazineluiza.com.br,*.magazineluiza.com.br,2025-05-08 00:00:00 UTC,2026-06-07 23:59:59 UTC
eddie-v3-gateway-tmp-gke.magazineluiza.com.br,,ERRO: timeout na conexão,ERRO: timeout na conexão
eddie-v3-gateway.magazineluiza.com.br,magazineluiza.com.br,2026-05-15 13:26:32 UTC,2026-11-30 13:26:31 UTC
edna-api-stage.magazineluiza.com.br,,ERRO: timeout na conexão,ERRO: timeout na conexão
edwiges-producer-api.magazineluiza.com.br,magazineluiza.com.br,2026-05-15 13:26:32 UTC,2026-11-30 13:26:31 UTC
edwiges-staging.magazineluiza.com.br,,ERRO: connect:errno=0,ERRO: connect:errno=0
edwiges.magazineluiza.com.br,magazineluiza.com.br,2026-05-15 13:26:32 UTC,2026-11-30 13:26:31 UTC
efnxixciydnpcke5t5zmfcmmab3zsj37._domainkey.magazineluiza.com.br,,ERRO: connect:errno=0,ERRO: connect:errno=0
eguardian-origin.magazineluiza.com.br,,ERRO: timeout na conexão,ERRO: timeout na conexão
eguardian-staging-origin.magazineluiza.com.br,,ERRO: timeout na conexão,ERRO: timeout na conexão
eguardian-staging.magazineluiza.com.br,,ERRO: timeout na conexão,ERRO: timeout na conexão
eguardian.magazineluiza.com.br,,ERRO: timeout na conexão,ERRO: timeout na conexão
eight-api-mgc.magazineluiza.com.br,magazineluiza.com.br,2026-05-15 13:26:32 UTC,2026-11-30 13:26:31 UTC
eight-api.magazineluiza.com.br,magazineluiza.com.br,2026-05-15 13:26:32 UTC,2026-11-30 13:26:31 UTC
el-cid-gateway-stage.magazineluiza.com.br,,ERRO: timeout na conexão,ERRO: timeout na conexão
eldoc-cte-staging-mgc.magazineluiza.com.br,magazineluiza.com.br,2026-05-15 13:26:32 UTC,2026-11-30 13:26:31 UTC
eldoc-cte.magazineluiza.com.br,magazineluiza.com.br,2026-05-15 13:26:32 UTC,2026-11-30 13:26:31 UTC
eldoc-frontend-gcp.magazineluiza.com.br,,ERRO: timeout na conexão,ERRO: timeout na conexão
eldoc-frontend-nfe.magazineluiza.com.br,,ERRO: timeout na conexão,ERRO: timeout na conexão
eldoc-gcp-staging.magazineluiza.com.br,,ERRO: timeout na conexão,ERRO: timeout na conexão
eldoc-gcp.magazineluiza.com.br,magazineluiza.com.br,2026-05-15 13:26:32 UTC,2026-11-30 13:26:31 UTC
eldoc-internal.magazineluiza.com.br,magazineluiza.com.br,2026-05-15 13:26:32 UTC,2026-11-30 13:26:31 UTC
eldoc-nfe-api.magazineluiza.com.br,,ERRO: timeout na conexão,ERRO: timeout na conexão
eldoc-nfe.magazineluiza.com.br,magazineluiza.com.br,2026-05-15 13:26:32 UTC,2026-11-30 13:26:31 UTC
eldoc-origin.magazineluiza.com.br,magazineluiza.com.br,2026-05-15 13:26:32 UTC,2026-11-30 13:26:31 UTC
eldoc-receiver-cte.magazineluiza.com.br,magazineluiza.com.br,2026-05-15 13:26:32 UTC,2026-11-30 13:26:31 UTC
eldoc-staging-gcp.magazineluiza.com.br,,ERRO: timeout na conexão,ERRO: timeout na conexão
eldoc-staging-mgc.magazineluiza.com.br,*.magazineluiza.com.br,2025-05-08 00:00:00 UTC,2026-06-07 23:59:59 UTC
eldoc-staging.magazineluiza.com.br,*.dev.mercari.in,2025-08-20 09:11:17 UTC,2025-11-18 09:11:16 UTC
eldoc-wildfly-staging-mgc.magazineluiza.com.br,,ERRO: timeout na conexão,ERRO: timeout na conexão
eldocnew-gcp-staging.magazineluiza.com.br,,ERRO: timeout na conexão,ERRO: timeout na conexão
eleven-api-mgc.magazineluiza.com.br,magazineluiza.com.br,2026-05-15 13:26:32 UTC,2026-11-30 13:26:31 UTC
em4942.magazineluiza.com.br,,ERRO: connect:errno=0,ERRO: connect:errno=0
em5308.magazineluiza.com.br,,ERRO: connect:errno=0,ERRO: connect:errno=0
em5618.magazineluiza.com.br,,ERRO: connect:errno=0,ERRO: connect:errno=0
em965.faturadasorte.magazineluiza.com.br,,ERRO: timeout na conexão,ERRO: timeout na conexão
emailmkt.magazineluiza.com.br,,ERRO: timeout na conexão,ERRO: timeout na conexão
emailmkt1.magazineluiza.com.br,,ERRO: timeout na conexão,ERRO: timeout na conexão
emllmkt.magazineluiza.com.br,,ERRO: timeout na conexão,ERRO: timeout na conexão
employees-api.magazineluiza.com.br,,ERRO: timeout na conexão,ERRO: timeout na conexão
employees-changes-monitor-stage.magazineluiza.com.br,,ERRO: timeout na conexão,ERRO: timeout na conexão
employees-gtw-origin.magazineluiza.com.br,magazineluiza.com.br,2026-05-15 13:26:32 UTC,2026-11-30 13:26:31 UTC
employees-internal.magazineluiza.com.br,magazineluiza.com.br,2026-05-15 13:26:32 UTC,2026-11-30 13:26:31 UTC
empresas-staging.magazineluiza.com.br,,ERRO: timeout na conexão,ERRO: timeout na conexão
emprestimos-staging.magazineluiza.com.brmagazineluiza.com.br,,ERRO: timeout na conexão,ERRO: timeout na conexão
energy-efficiency-utilities-mgc.magazineluiza.com.br,magazineluiza.com.br,2026-05-15 13:26:32 UTC,2026-11-30 13:26:31 UTC
energy-efficiency-utilities.magazineluiza.com.br,magazineluiza.com.br,2026-05-15 13:26:32 UTC,2026-11-30 13:26:31 UTC
enriquecedor-dados-api.magazineluiza.com.br,magazineluiza.com.br,2026-05-15 13:26:32 UTC,2026-11-30 13:26:31 UTC
enriquecedor-dados-produto-api.magazineluiza.com.br,magazineluiza.com.br,2026-05-15 13:26:32 UTC,2026-11-30 13:26:31 UTC
ens-api-back-stage.magazineluiza.com.br,,ERRO: timeout na conexão,ERRO: timeout na conexão
ens-api-service-stage.magazineluiza.com.br,,ERRO: connect:errno=0,ERRO: connect:errno=0
ens-api-service.magazineluiza.com.br,,ERRO: connect:errno=0,ERRO: connect:errno=0
ens-authentication-stage.magazineluiza.com.br,,ERRO: connect:errno=0,ERRO: connect:errno=0
ens-authentication.magazineluiza.com.br,,ERRO: connect:errno=0,ERRO: connect:errno=0
ens-eureka-stage.magazineluiza.com.br,,ERRO: connect:errno=0,ERRO: connect:errno=0
ens-gateway-stage.magazineluiza.com.br,,ERRO: connect:errno=0,ERRO: connect:errno=0
entregadores-origin.magazineluiza.com.br,*.magazineluiza.com.br,2023-07-19 00:00:00 UTC,2024-08-17 23:59:59 UTC
entregadores-stage.magazineluiza.com.br,*.magazineluiza.com.br,2025-05-08 00:00:00 UTC,2026-06-07 23:59:59 UTC
entregadores-staging.magazineluiza.com.br,,ERRO: timeout na conexão,ERRO: timeout na conexão
entregas-healthcheck-api-stage-gcp.magazineluiza.com.br,*.magazineluiza.com.br,2025-05-08 00:00:00 UTC,2026-06-07 23:59:59 UTC
envoy-test-int-magazineluiza.magazineluiza.com.br,,ERRO: timeout na conexão,ERRO: timeout na conexão
erica-sinclair-api-mgc.magazineluiza.com.br,magazineluiza.com.br,2026-05-15 13:26:32 UTC,2026-11-30 13:26:31 UTC
erica-sinclair-staging.magazineluiza.com.br,,ERRO: timeout na conexão,ERRO: timeout na conexão
es-busca-cesar-kibana.magazineluiza.com.br,,ERRO: timeout na conexão,ERRO: timeout na conexão
es-busca-cesar.magazineluiza.com.br,,ERRO: timeout na conexão,ERRO: timeout na conexão
es-kibana.magazineluiza.com.br,,ERRO: connect:errno=0,ERRO: connect:errno=0
especiais.hotsite-homologacao.magazineluiza.com.br,,ERRO: timeout na conexão,ERRO: timeout na conexão
estagiario-yaml-service-staging.magazineluiza.com.br,magazineluiza.com.br,2026-05-15 13:26:32 UTC,2026-11-30 13:26:31 UTC
estepe-api-staging.magazineluiza.com.br,,ERRO: timeout na conexão,ERRO: timeout na conexão
estoquista-pilot.magazineluiza.com.br,,ERRO: timeout na conexão,ERRO: timeout na conexão
estoquista-staging.magazineluiza.com.br,phpmyadmin.prod.olmero.ch,2026-04-09 06:42:46 UTC,2026-07-08 07:36:19 UTC
estoquista.magazineluiza.com.br,magazineluiza.com.br,2026-05-15 13:26:32 UTC,2026-11-30 13:26:31 UTC
etiqueta-api-stage.magazineluiza.com.br,,ERRO: timeout na conexão,ERRO: timeout na conexão
etiqueta-api.magazineluiza.com.br,,ERRO: timeout na conexão,ERRO: timeout na conexão
etiqueta-stage.magazineluiza.com.br,,ERRO: timeout na conexão,ERRO: timeout na conexão
etiquetas-stage.magazineluiza.com.br,,ERRO: timeout na conexão,ERRO: timeout na conexão
eurekaz.magazineluiza.com.br,,ERRO: timeout na conexão,ERRO: timeout na conexão
example-dns-weighted.magazineluiza.com.br,,ERRO: timeout na conexão,ERRO: timeout na conexão
exchange.magazineluiza.com.br,,ERRO: timeout na conexão,ERRO: timeout na conexão
exchange2.magazineluiza.com.br,,ERRO: timeout na conexão,ERRO: timeout na conexão
exemplo-rabbit-go.magazineluiza.com.br,eip-api-prod.cogeco-cloud.com,2026-04-12 01:40:04 UTC,2026-07-11 02:34:18 UTC
exemplo-rabbit-mvn-stage.magazineluiza.com.br,,ERRO: timeout na conexão,ERRO: timeout na conexão
exemplo-rabbit-native-sa.magazineluiza.com.br,,ERRO: timeout na conexão,ERRO: timeout na conexão
exemplo-rabbit-native-stage.magazineluiza.com.br,,ERRO: timeout na conexão,ERRO: timeout na conexão
exemplo-rabbit-native-us.magazineluiza.com.br,lina.tech,2026-04-20 07:47:54 UTC,2026-07-19 08:42:28 UTC
expedicao-internal-stage.magazineluiza.com.br,,ERRO: timeout na conexão,ERRO: timeout na conexão
expedicao-internal.magazineluiza.com.br,magazineluiza.com.br,2026-05-15 13:26:32 UTC,2026-11-30 13:26:31 UTC
expedicao-stage.magazineluiza.com.br,*.magazineluiza.com.br,2025-05-08 00:00:00 UTC,2026-06-07 23:59:59 UTC
expedicao-temp.magazineluiza.com.br,*.api.e2e.exponea.com,2026-05-23 21:33:46 UTC,2026-08-21 22:29:41 UTC
expedicao.magazineluiza.com.br,magazineluiza.com.br,2026-05-15 13:26:32 UTC,2026-11-30 13:26:31 UTC
expedition-api-internal.magazineluiza.com.br,magazineluiza.com.br,2026-05-15 13:26:32 UTC,2026-11-30 13:26:31 UTC
expedition-api-origin.magazineluiza.com.br,magazineluiza.com.br,2026-05-15 13:26:32 UTC,2026-11-30 13:26:31 UTC
expedition-api-ui-internal.magazineluiza.com.br,magazineluiza.com.br,2026-05-15 13:26:32 UTC,2026-11-30 13:26:31 UTC
expedition-api-ui.magazineluiza.com.br,magazineluiza.com.br,2026-05-15 13:26:32 UTC,2026-11-30 13:26:31 UTC
expeditus-staging.magazineluiza.com.br,,ERRO: timeout na conexão,ERRO: timeout na conexão
explorer-redis.magazineluiza.com.br,,ERRO: connect:errno=0,ERRO: connect:errno=0
explorer.magazineluiza.com.br,mig.comfy.dev.bavaria-content.org,2026-05-23 15:21:46 UTC,2026-08-21 16:15:20 UTC
fanny-api-internal.magazineluiza.com.br,magazineluiza.com.br,2026-05-15 13:26:32 UTC,2026-11-30 13:26:31 UTC
fanny-api-stage-internal.magazineluiza.com.br,,ERRO: timeout na conexão,ERRO: timeout na conexão
fanny-api.magazineluiza.com.br,magazineluiza.com.br,2026-05-15 13:26:32 UTC,2026-11-30 13:26:31 UTC
fat-tony-staging.magazineluiza.com.br,luizalabs.com,2026-05-06 19:03:42 UTC,2026-11-21 19:03:41 UTC
fat-tony.magazineluiza.com.br,stg-store.esports.co.jp,2026-05-17 10:35:03 UTC,2026-08-15 11:29:37 UTC
faturadasorte.magazineluiza.com.br,,ERRO: timeout na conexão,ERRO: timeout na conexão
faturador-fulfillment-backend-internal.magazineluiza.com.br,,ERRO: timeout na conexão,ERRO: timeout na conexão
faturador-fulfillment-backend.magazineluiza.com.br,magazineluiza.com.br,2026-05-15 13:26:32 UTC,2026-11-30 13:26:31 UTC
faturadorful-stage-internal.magazineluiza.com.br,*.magazineluiza.com.br,2025-05-08 00:00:00 UTC,2026-06-07 23:59:59 UTC
faturamento-api-origin.magazineluiza.com.br,,ERRO: timeout na conexão,ERRO: timeout na conexão
faturamento-api-staging.magazineluiza.com.br,*.magazineluiza.com.br,2025-05-08 00:00:00 UTC,2026-06-07 23:59:59 UTC
faturamento-b.magazineluiza.com.br,,ERRO: timeout na conexão,ERRO: timeout na conexão
faturamento-canary.magazineluiza.com.br,,ERRO: timeout na conexão,ERRO: timeout na conexão
faturamento-cd-internal.magazineluiza.com.br,magazineluiza.com.br,2026-05-15 13:26:32 UTC,2026-11-30 13:26:31 UTC
faturamento-cd-stage-internal.magazineluiza.com.br,,ERRO: timeout na conexão,ERRO: timeout na conexão
faturamento-cd-stage.magazineluiza.com.br,*.magazineluiza.com.br,2025-05-08 00:00:00 UTC,2026-06-07 23:59:59 UTC
faturamento-cd.magazineluiza.com.br,magazineluiza.com.br,2026-05-15 13:26:32 UTC,2026-11-30 13:26:31 UTC
faturamento-front-origin.magazineluiza.com.br,e73d771095cb1fce0-tp.dev.lookerservices.goog,2026-04-19 14:20:20 UTC,2026-07-18 15:15:34 UTC
faturamento-front-teste.magazineluiza.com.br,e73d771095cb1fce0-tp.dev.lookerservices.goog,2026-04-19 14:20:20 UTC,2026-07-18 15:15:34 UTC
faturamento-internal.magazineluiza.com.br,magazineluiza.com.br,2026-05-15 13:26:32 UTC,2026-11-30 13:26:31 UTC
faturamento-origin.magazineluiza.com.br,,ERRO: timeout na conexão,ERRO: timeout na conexão
faturamento.magazineluiza.com.br,magazineluiza.com.br,2026-05-15 13:26:32 UTC,2026-11-30 13:26:31 UTC
fcjajy757bz7mvw5pmwyngpb7ih2stav._domainkey.magazineluiza.com.br,,ERRO: connect:errno=0,ERRO: connect:errno=0
fd._domainkey.magazineluiza.com.br,,ERRO: connect:errno=0,ERRO: connect:errno=0
fd2._domainkey.magazineluiza.com.br,,ERRO: connect:errno=0,ERRO: connect:errno=0
fddkim.magazineluiza.com.br,,ERRO: timeout na conexão,ERRO: timeout na conexão
fdm._domainkey.magazineluiza.com.br,,ERRO: connect:errno=0,ERRO: connect:errno=0
fender-api-internal.magazineluiza.com.br,magazineluiza.com.br,2026-05-15 13:26:32 UTC,2026-11-30 13:26:31 UTC
fender-api-stage-internal.magazineluiza.com.br,,ERRO: timeout na conexão,ERRO: timeout na conexão
fender-api-stage.magazineluiza.com.br,,ERRO: timeout na conexão,ERRO: timeout na conexão
fender-api.magazineluiza.com.br,magazineluiza.com.br,2026-05-15 13:26:32 UTC,2026-11-30 13:26:31 UTC
fenix-api.magazineluiza.com.br,,ERRO: timeout na conexão,ERRO: timeout na conexão
fenix-stage.magazineluiza.com.br,,ERRO: timeout na conexão,ERRO: timeout na conexão
files-magaluentregas-origin.magazineluiza.com.br,,ERRO: timeout na conexão,ERRO: timeout na conexão
financeiro-easypay-api-staging.magazineluiza.com.br,,ERRO: timeout na conexão,ERRO: timeout na conexão
financeiro-gesplan-api-origin.magazineluiza.com.br,magazineluiza.com.br,2026-05-15 13:26:32 UTC,2026-11-30 13:26:31 UTC
financeiro-gesplan-api-staging.magazineluiza.com.br,*.magazineluiza.com.br,2025-05-08 00:00:00 UTC,2026-06-07 23:59:59 UTC
financial-erp-backoffice-vpn.magazineluiza.com.br,,ERRO: timeout na conexão,ERRO: timeout na conexão
financial-erp-backoffice.magazineluiza.com.br,magazineluiza.com.br,2026-05-15 13:26:32 UTC,2026-11-30 13:26:31 UTC
fiorino-api-staging.magazineluiza.com.br,,ERRO: connect:errno=0,ERRO: connect:errno=0
fiorino-api-temp.magazineluiza.com.br,,ERRO: timeout na conexão,ERRO: timeout na conexão
fiscal.magazineluiza.com.br,,ERRO: connect:errno=0,ERRO: connect:errno=0
fisqueue-api.magazineluiza.com.br,arabclicks.com,2023-09-06 17:12:59 UTC,2023-12-05 18:06:22 UTC
fisqueue-staging.magazineluiza.com.br,,ERRO: connect:errno=0,ERRO: connect:errno=0
fisqueue.magazineluiza.com.br,arabclicks.com,2023-09-06 17:12:59 UTC,2023-12-05 18:06:22 UTC
flash-staging.magazineluiza.com.br,,ERRO: connect:errno=0,ERRO: connect:errno=0
foggy-api-staging.magazineluiza.com.br,,ERRO: connect:errno=0,ERRO: connect:errno=0
foggy-api.magazineluiza.com.br,,ERRO: connect:errno=0,ERRO: connect:errno=0
follow-app-api-mgc.magazineluiza.com.br,magazineluiza.com.br,2026-05-15 13:26:32 UTC,2026-11-30 13:26:31 UTC
follow-app-api.magazineluiza.com.br,magazineluiza.com.br,2026-05-15 13:26:32 UTC,2026-11-30 13:26:31 UTC
forklift-api.magazineluiza.com.br,magazineluiza.com.br,2026-05-15 13:26:32 UTC,2026-11-30 13:26:31 UTC
fornecedor-staging.magazineluiza.com.br,,ERRO: timeout na conexão,ERRO: timeout na conexão
fornecedor.magazineluiza.com.br,,ERRO: timeout na conexão,ERRO: timeout na conexão
frenzy-api-logistica-temp.magazineluiza.com.br,*.magazineluiza.com.br,2025-05-08 00:00:00 UTC,2026-06-07 23:59:59 UTC
frenzy-api.magazineluiza.com.br,*.magazineluiza.com.br,2025-05-08 00:00:00 UTC,2026-06-07 23:59:59 UTC
frete.magazineluiza.com.br,,ERRO: connect:errno=0,ERRO: connect:errno=0
freud-backend-internal.magazineluiza.com.br,magazineluiza.com.br,2026-05-15 13:26:32 UTC,2026-11-30 13:26:31 UTC
freud-backend-origin.magazineluiza.com.br,magazineluiza.com.br,2026-05-15 13:26:32 UTC,2026-11-30 13:26:31 UTC
freud-backend-stage.magazineluiza.com.br,*.magazineluiza.com.br,2025-05-08 00:00:00 UTC,2026-06-07 23:59:59 UTC
freud-carriers-api-internal.magazineluiza.com.br,magazineluiza.com.br,2026-05-15 13:26:32 UTC,2026-11-30 13:26:31 UTC
freud-carriers-api-origin.magazineluiza.com.br,,ERRO: timeout na conexão,ERRO: timeout na conexão
freud-carriers-api-stage-internal.magazineluiza.com.br,,ERRO: timeout na conexão,ERRO: timeout na conexão
freud-carriers-api-stage.magazineluiza.com.br,,ERRO: timeout na conexão,ERRO: timeout na conexão
freud-carriers-api-temp.magazineluiza.com.br,magazineluiza.com.br,2026-05-15 13:26:32 UTC,2026-11-30 13:26:31 UTC
freud-carriers-api.magazineluiza.com.br,magazineluiza.com.br,2026-05-15 13:26:32 UTC,2026-11-30 13:26:31 UTC
freud-collect-api-staging.magazineluiza.com.br,,ERRO: connect:errno=0,ERRO: connect:errno=0
freud-cte-worker-internal-stage.magazineluiza.com.br,,ERRO: timeout na conexão,ERRO: timeout na conexão
freud-cte-worker-internal.magazineluiza.com.br,magazineluiza.com.br,2026-05-15 13:26:32 UTC,2026-11-30 13:26:31 UTC
freud-cte-worker-stage.magazineluiza.com.br,,ERRO: timeout na conexão,ERRO: timeout na conexão
freud-cte-worker.magazineluiza.com.br,magazineluiza.com.br,2026-05-15 13:26:32 UTC,2026-11-30 13:26:31 UTC
freud-front-temp.magazineluiza.com.br,,ERRO: timeout na conexão,ERRO: timeout na conexão
freud-locals-api-internal.magazineluiza.com.br,magazineluiza.com.br,2026-05-15 13:26:32 UTC,2026-11-30 13:26:31 UTC
freud-locals-api-origin.magazineluiza.br.magazineluiza.com.br,*.ipet.sh,2026-03-11 00:00:00 UTC,2026-09-25 23:59:59 UTC
freud-locals-api-stage-internal.magazineluiza.com.br,,ERRO: timeout na conexão,ERRO: timeout na conexão
freud-locals-api-temp.magazineluiza.com.br,magazineluiza.com.br,2026-05-15 13:26:32 UTC,2026-11-30 13:26:31 UTC
freud-locals-api.magazineluiza.com.br,magazineluiza.com.br,2026-05-15 13:26:32 UTC,2026-11-30 13:26:31 UTC
freud-origin.magazineluiza.com.br,magazineluiza.com.br,2026-05-15 13:26:32 UTC,2026-11-30 13:26:31 UTC
freud-parser-api-internal.magazineluiza.com.br,magazineluiza.com.br,2026-05-15 13:26:32 UTC,2026-11-30 13:26:31 UTC
freud-parser-api-origin.magazineluiza.com.br,magazineluiza.com.br,2026-05-15 13:26:32 UTC,2026-11-30 13:26:31 UTC
freud-parser-api-stage.magazineluiza.com.br,magazineluiza.com.br,2026-05-15 13:26:32 UTC,2026-11-30 13:26:31 UTC
freud-parser-api-temp-argo.magazineluiza.com.br,,ERRO: timeout na conexão,ERRO: timeout na conexão
freud-parser-api-temp.magazineluiza.com.br,,ERRO: timeout na conexão,ERRO: timeout na conexão
freud-pricing-api-internal.magazineluiza.com.br,magazineluiza.com.br,2026-05-15 13:26:32 UTC,2026-11-30 13:26:31 UTC
freud-pricing-api-stage-internal.magazineluiza.com.br,,ERRO: timeout na conexão,ERRO: timeout na conexão
freud-pricing-api-stage.magazineluiza.com.br,,ERRO: timeout na conexão,ERRO: timeout na conexão
freud-pricing-api.magazineluiza.com.br,magazineluiza.com.br,2026-05-15 13:26:32 UTC,2026-11-30 13:26:31 UTC
freud-stage.magazineluiza.com.br,*.magazineluiza.com.br,2025-05-08 00:00:00 UTC,2026-06-07 23:59:59 UTC
freud-supply-confirmation-internal-stage.magazineluiza.com.br,,ERRO: timeout na conexão,ERRO: timeout na conexão
freud-supply-confirmation-internal.magazineluiza.com.br,magazineluiza.com.br,2026-05-15 13:26:32 UTC,2026-11-30 13:26:31 UTC
freud-supply-confirmation-stage.magazineluiza.com.br,,ERRO: timeout na conexão,ERRO: timeout na conexão
freud-supply-confirmation.magazineluiza.com.br,magazineluiza.com.br,2026-05-15 13:26:32 UTC,2026-11-30 13:26:31 UTC
freud-supply-precifier-internal-stage.magazineluiza.com.br,,ERRO: timeout na conexão,ERRO: timeout na conexão
freud-supply-precifier-stage.magazineluiza.com.br,eu-qa-lb.itgcanopyservices.com,2026-04-05 12:35:07 UTC,2026-07-04 12:35:06 UTC
freud-supply-precifier.magazineluiza.com.br,magazineluiza.com.br,2026-05-15 13:26:32 UTC,2026-11-30 13:26:31 UTC
freud-taxes-api-gcp-temp.magazineluiza.com.br,magazineluiza.com.br,2026-05-15 13:26:32 UTC,2026-11-30 13:26:31 UTC
freud-taxes-api-gcp.magazineluiza.com.br,*.cotralspa.it,2025-07-30 00:00:00 UTC,2026-08-30 23:59:59 UTC
freud-taxes-api-internal.magazineluiza.com.br,magazineluiza.com.br,2026-05-15 13:26:32 UTC,2026-11-30 13:26:31 UTC
freud-taxes-api-origin.magazineluiza.com.br,,ERRO: timeout na conexão,ERRO: timeout na conexão
freud-taxes-api-stage-internal.magazineluiza.com.br,,ERRO: timeout na conexão,ERRO: timeout na conexão
freud-taxes-api-stage.magazineluiza.com.br,wbk-endpoints-ccai-dev.dss.mo.gov,2026-05-14 20:13:30 UTC,2026-08-12 21:09:25 UTC
freud-taxes-api.magazineluiza.com.br,magazineluiza.com.br,2026-05-15 13:26:32 UTC,2026-11-30 13:26:31 UTC
freud-transportplan-api-gcp-temp.magazineluiza.com.br,*.magazineluiza.com.br,2021-08-24 00:00:00 UTC,2022-09-23 23:59:59 UTC
freud-transportplan-api-gcp.magazineluiza.com.br,*.magazineluiza.com.br,2021-08-24 00:00:00 UTC,2022-09-23 23:59:59 UTC
freud-transportplan-api-internal.magazineluiza.com.br,magazineluiza.com.br,2026-05-15 13:26:32 UTC,2026-11-30 13:26:31 UTC
freud-transportplan-api-stage-gcp.magazineluiza.com.br,,ERRO: timeout na conexão,ERRO: timeout na conexão
freud-transportplan-api-stage-internal.magazineluiza.com.br,,ERRO: timeout na conexão,ERRO: timeout na conexão
freud-transportplan-api-stage.magazineluiza.com.br,aws-bridge.ds-pr-value-pred.tst.app.trade.me,2026-05-25 03:46:51 UTC,2026-08-23 04:41:05 UTC
freud-transportplan-api.magazineluiza.com.br,magazineluiza.com.br,2026-05-15 13:26:32 UTC,2026-11-30 13:26:31 UTC
freud-travel-api-internal-stage.magazineluiza.com.br,,ERRO: timeout na conexão,ERRO: timeout na conexão
freud-travel-api-internal.magazineluiza.com.br,magazineluiza.com.br,2026-05-15 13:26:32 UTC,2026-11-30 13:26:31 UTC
freud-travel-api-stage.magazineluiza.com.br,,ERRO: timeout na conexão,ERRO: timeout na conexão
freud-travel-api.magazineluiza.com.br,magazineluiza.com.br,2026-05-15 13:26:32 UTC,2026-11-30 13:26:31 UTC
freud-travel-backend-stage-internal.magazineluiza.com.br,,ERRO: timeout na conexão,ERRO: timeout na conexão
freud-travel-backend-stage.magazineluiza.com.br,,ERRO: timeout na conexão,ERRO: timeout na conexão
freud-travel-backend.magazineluiza.com.br,magazineluiza.com.br,2026-05-15 13:26:32 UTC,2026-11-30 13:26:31 UTC
freud-travel-front-internal-stage.magazineluiza.com.br,,ERRO: timeout na conexão,ERRO: timeout na conexão
freud-travel-internal.magazineluiza.com.br,,ERRO: timeout na conexão,ERRO: timeout na conexão
freud-travel-maestro-internal-stage.magazineluiza.com.br,,ERRO: timeout na conexão,ERRO: timeout na conexão
freud-travel-maestro-internal.magazineluiza.com.br,magazineluiza.com.br,2026-05-15 13:26:32 UTC,2026-11-30 13:26:31 UTC
freud-travel-maestro-stage.magazineluiza.com.br,katoennatie.hip.luqom.cloud,2026-04-07 12:47:01 UTC,2026-07-06 13:40:54 UTC
freud-travel-maestro.magazineluiza.com.br,magazineluiza.com.br,2026-05-15 13:26:32 UTC,2026-11-30 13:26:31 UTC
freud-travel-mobile-internal-stage.magazineluiza.com.br,,ERRO: timeout na conexão,ERRO: timeout na conexão
freud-travel-mobile-internal.magazineluiza.com.br,magazineluiza.com.br,2026-05-15 13:26:32 UTC,2026-11-30 13:26:31 UTC
freud-travel-mobile-stage.magazineluiza.com.br,,ERRO: timeout na conexão,ERRO: timeout na conexão
freud-travel-mobile.magazineluiza.com.br,magazineluiza.com.br,2026-05-15 13:26:32 UTC,2026-11-30 13:26:31 UTC
freud-travel-reprocess-worker-internal-stage.magazineluiza.com.br,,ERRO: timeout na conexão,ERRO: timeout na conexão
freud-travel-reprocess-worker-internal.magazineluiza.com.br,magazineluiza.com.br,2026-05-15 13:26:32 UTC,2026-11-30 13:26:31 UTC
freud-travel-reprocess-worker.magazineluiza.com.br,magazineluiza.com.br,2026-05-15 13:26:32 UTC,2026-11-30 13:26:31 UTC
freud-travel-stage.magazineluiza.com.br,*.magazineluiza.com.br,2025-05-08 00:00:00 UTC,2026-06-07 23:59:59 UTC
freud-travel-temp.magazineluiza.com.br,merchantsite.tc.clover.com,2026-05-28 00:00:00 UTC,2026-12-12 23:59:59 UTC
freud-travel-worker-temp.magazineluiza.com.br,api.preprod.wiselli.com,2026-05-05 12:35:12 UTC,2026-08-03 13:28:06 UTC
freud-travel-worker.magazineluiza.com.br,,ERRO: timeout na conexão,ERRO: timeout na conexão
freud-travel.magazineluiza.com.br,magazineluiza.com.br,2026-05-15 13:26:32 UTC,2026-11-30 13:26:31 UTC
frey-api-staging.magazineluiza.com.br,,ERRO: timeout na conexão,ERRO: timeout na conexão
frey-sandbox.magazineluiza.com.br,,ERRO: timeout na conexão,ERRO: timeout na conexão
frogger-internal.magazineluiza.com.br,magazineluiza.com.br,2026-05-15 13:26:32 UTC,2026-11-30 13:26:31 UTC
frogger-stage-internal.magazineluiza.com.br,*.magazineluiza.com.br,2025-05-08 00:00:00 UTC,2026-06-07 23:59:59 UTC
frogger.magazineluiza.com.br,magazineluiza.com.br,2026-05-15 13:26:32 UTC,2026-11-30 13:26:31 UTC
front-nextjs-poc-staging.magazineluiza.com.br,,ERRO: timeout na conexão,ERRO: timeout na conexão
fry-cache-01.magazineluiza.com.br,,ERRO: connect:errno=0,ERRO: connect:errno=0
fry-cache-02.magazineluiza.com.br,,ERRO: connect:errno=0,ERRO: connect:errno=0
fry-cache-03.magazineluiza.com.br,,ERRO: connect:errno=0,ERRO: connect:errno=0
fry-cache-04.magazineluiza.com.br,,ERRO: connect:errno=0,ERRO: connect:errno=0
fry-mongo-staging-gcp.magazineluiza.com.br,,ERRO: timeout na conexão,ERRO: timeout na conexão
fry-pricing.magazineluiza.com.br,ai-monitoring.sstf.agest.app,2026-05-05 09:17:55 UTC,2026-08-03 10:11:49 UTC
fry-sandbox.magazineluiza.com.br,,ERRO: timeout na conexão,ERRO: timeout na conexão
ftp-ext.magazineluiza.com.br,,ERRO: timeout na conexão,ERRO: timeout na conexão
ftplog.magazineluiza.com.br,,ERRO: timeout na conexão,ERRO: timeout na conexão
fulfillment-bff-origin.magazineluiza.com.br,magazineluiza.com.br,2026-05-15 13:26:32 UTC,2026-11-30 13:26:31 UTC
fulfillment-lego-api-stage.magazineluiza.com.br,*.magazineluiza.com.br,2025-05-08 00:00:00 UTC,2026-06-07 23:59:59 UTC
fulfillment-lego-api.magazineluiza.com.br,magazineluiza.com.br,2026-05-15 13:26:32 UTC,2026-11-30 13:26:31 UTC
fulfillment-stage.magazineluiza.com.br,*.magazineluiza.com.br,2025-05-08 00:00:00 UTC,2026-06-07 23:59:59 UTC
fulfillment-temp.magazineluiza.com.br,,ERRO: timeout na conexão,ERRO: timeout na conexão
fulfillment.magazineluiza.com.br,magazineluiza.com.br,2026-05-15 13:26:32 UTC,2026-11-30 13:26:31 UTC
galaxys7.magazineluiza.com.br,,ERRO: connect:errno=0,ERRO: connect:errno=0
galeria-magalu-app-origin.magazineluiza.com.br,magazineluiza.com.br,2026-05-15 13:26:32 UTC,2026-11-30 13:26:31 UTC
galeria-magalu-app-teste.magazineluiza.com.br,,ERRO: timeout na conexão,ERRO: timeout na conexão
gandalf-api.magazineluiza.com.br,,ERRO: timeout na conexão,ERRO: timeout na conexão
gandalf-staging.magazineluiza.com.br,,ERRO: timeout na conexão,ERRO: timeout na conexão
gasket-api-stage-internal.magazineluiza.com.br,,ERRO: timeout na conexão,ERRO: timeout na conexão
gasket-api-stage.magazineluiza.com.br,,ERRO: timeout na conexão,ERRO: timeout na conexão
gasket-api.magazineluiza.com.br,magazineluiza.com.br,2026-05-15 13:26:32 UTC,2026-11-30 13:26:31 UTC
gatewayapi-store.magazineluiza.com.br,app.staging.karehero.com,2026-05-14 09:58:51 UTC,2026-08-12 10:42:38 UTC
gcp.grafana.production.k8s.magazineluiza.com.br,,ERRO: timeout na conexão,ERRO: timeout na conexão
gcp.magazineluiza.com.br,,ERRO: connect:errno=0,ERRO: connect:errno=0
gemco-api.magazineluiza.com.br,magazineluiza.com.br,2026-05-15 13:26:32 UTC,2026-11-30 13:26:31 UTC
gerafila-fechamento-worker.magazineluiza.com.br,,ERRO: timeout na conexão,ERRO: timeout na conexão
gerenciamento-estacao-wcs-internal.magazineluiza.com.br,magazineluiza.com.br,2026-05-15 13:26:32 UTC,2026-11-30 13:26:31 UTC
gerenciamento-estacao-wcs-stage-internal.magazineluiza.com.br,,ERRO: timeout na conexão,ERRO: timeout na conexão
gerenciamento-estacao-wcs-stage.magazineluiza.com.br,*.magazineluiza.com.br,2025-05-08 00:00:00 UTC,2026-06-07 23:59:59 UTC
gerenciamento-estacao-wcs.magazineluiza.com.br,magazineluiza.com.br,2026-05-15 13:26:32 UTC,2026-11-30 13:26:31 UTC
gerenciamento-saida-wcs-stage-internal.magazineluiza.com.br,,ERRO: timeout na conexão,ERRO: timeout na conexão
gerenciamento-saida-wcs-stage.magazineluiza.com.br,*.magazineluiza.com.br,2025-05-08 00:00:00 UTC,2026-06-07 23:59:59 UTC
gerenciamento-saida-wcs.magazineluiza.com.br,magazineluiza.com.br,2026-05-15 13:26:32 UTC,2026-11-30 13:26:31 UTC
gerenciamento-wcs-stage-internal.magazineluiza.com.br,,ERRO: timeout na conexão,ERRO: timeout na conexão
gerenciamento-wcs-stage.magazineluiza.com.br,*.magazineluiza.com.br,2025-05-08 00:00:00 UTC,2026-06-07 23:59:59 UTC
gerenciamento-wcs.magazineluiza.com.br,magazineluiza.com.br,2026-05-15 13:26:32 UTC,2026-11-30 13:26:31 UTC
gestao-ativos-api.magazineluiza.com.br,magazineluiza.com.br,2026-05-15 13:26:32 UTC,2026-11-30 13:26:31 UTC
gestao-ativos-fa-api.magazineluiza.com.br,magazineluiza.com.br,2026-05-15 13:26:32 UTC,2026-11-30 13:26:31 UTC
gestao-cheques-api.magazineluiza.com.br,magazineluiza.com.br,2026-05-15 13:26:32 UTC,2026-11-30 13:26:31 UTC
gestao-de-custo-staging.magazineluiza.com.br,,ERRO: timeout na conexão,ERRO: timeout na conexão
gestao-integracoes-api.magazineluiza.com.br,magazineluiza.com.br,2026-05-15 13:26:32 UTC,2026-11-30 13:26:31 UTC
gestao-portaria-stage.magazineluiza.com.br,*.magazineluiza.com.br,2025-05-08 00:00:00 UTC,2026-06-07 23:59:59 UTC
gestao-portaria.magazineluiza.com.br,magazineluiza.com.br,2026-05-15 13:26:32 UTC,2026-11-30 13:26:31 UTC
gestao-riscos-staging.magazineluiza.com.br,,ERRO: timeout na conexão,ERRO: timeout na conexão
gestao-sortimento-staging.magazineluiza.com.br,,ERRO: timeout na conexão,ERRO: timeout na conexão
gestaocorp-callback-internal.magazineluiza.com.br,magazineluiza.com.br,2026-05-15 13:26:32 UTC,2026-11-30 13:26:31 UTC
gestaocorp-callback-origin.magazineluiza.com.br,,ERRO: timeout na conexão,ERRO: timeout na conexão
gestaocorp-extratoverba.magazineluiza.com.br,,ERRO: timeout na conexão,ERRO: timeout na conexão
gestaocorp-meeseeks-box-api-staging.magazineluiza.com.br,,ERRO: timeout na conexão,ERRO: timeout na conexão
gestaocorp-meeseeks-box-api.magazineluiza.com.br,,ERRO: timeout na conexão,ERRO: timeout na conexão
gestaocorp-oebs-ap-internal.magazineluiza.com.br,magazineluiza.com.br,2026-05-15 13:26:32 UTC,2026-11-30 13:26:31 UTC
gestaocorp-oebs-ap-origin.magazineluiza.com.br,magazineluiza.com.br,2026-05-15 13:26:32 UTC,2026-11-30 13:26:31 UTC
gestaocorp-oebs-gl-staging.magazineluiza.com.br,*.magazineluiza.com.br,2025-05-08 00:00:00 UTC,2026-06-07 23:59:59 UTC
gestaocorp-oebs-gl.magazineluiza.com.br,magazineluiza.com.br,2026-05-15 13:26:32 UTC,2026-11-30 13:26:31 UTC
gestaocorp-oebs-inv-staging.magazineluiza.com.br,,ERRO: timeout na conexão,ERRO: timeout na conexão
gestaocorp-oebs-me-staging.magazineluiza.com.br,,ERRO: timeout na conexão,ERRO: timeout na conexão
gestaocorp-oebs-me.magazineluiza.com.br,,ERRO: timeout na conexão,ERRO: timeout na conexão
gestaocorp-oebs-ri-origin.magazineluiza.com.br,magazineluiza.com.br,2026-05-15 13:26:32 UTC,2026-11-30 13:26:31 UTC
gestaocorp-oebs-ri-origin.magazineluiza.com.brmagazineluiza.com.br,,ERRO: connect:errno=0,ERRO: connect:errno=0
gestaocorp-pagfrete-metrica.magazineluiza.com.br,,ERRO: connect:errno=0,ERRO: connect:errno=0
gestaodedesempenho.magazineluiza.com.br,,ERRO: connect:errno=0,ERRO: connect:errno=0
gestaorerverva-internal-stage.magazineluiza.com.br,,ERRO: timeout na conexão,ERRO: timeout na conexão
gestaorerverva-stage.magazineluiza.com.br,accounts.spring-builder.prod.yospace.ai,2026-05-25 21:23:04 UTC,2026-08-23 22:16:18 UTC
gestaoreversa-internal-stage.magazineluiza.com.br,*.magazineluiza.com.br,2025-05-08 00:00:00 UTC,2026-06-07 23:59:59 UTC
gestaoreversa-internal.magazineluiza.com.br,magazineluiza.com.br,2026-05-15 13:26:32 UTC,2026-11-30 13:26:31 UTC
gestaoreversa-stage-internal.magazineluiza.com.br,,ERRO: timeout na conexão,ERRO: timeout na conexão
gestaoreversa-stage.magazineluiza.com.br,*.magazineluiza.com.br,2025-05-08 00:00:00 UTC,2026-06-07 23:59:59 UTC
gestaoreversa-temp.magazineluiza.com.br,*.groww.in,2026-03-23 10:48:30 UTC,2026-10-07 10:48:30 UTC
gestaoreversa.magazineluiza.com.br,magazineluiza.com.br,2026-05-15 13:26:32 UTC,2026-11-30 13:26:31 UTC
gestaorh-origin.magazineluiza.com.br,magazineluiza.com.br,2026-05-15 13:26:32 UTC,2026-11-30 13:26:31 UTC
getxml-api-stage-internal.magazineluiza.com.br,,ERRO: timeout na conexão,ERRO: timeout na conexão
getxml-api.magazineluiza.com.br,magazineluiza.com.br,2026-05-15 13:26:32 UTC,2026-11-30 13:26:31 UTC
gheed-origins.magazineluiza.com.br,,ERRO: timeout na conexão,ERRO: timeout na conexão
giba-api-staging.magazineluiza.com.br,,ERRO: timeout na conexão,ERRO: timeout na conexão
gil-gunderson-api-internal.magazineluiza.com.br,magazineluiza.com.br,2026-05-15 13:26:32 UTC,2026-11-30 13:26:31 UTC
gil-gunderson-api-mgc.magazineluiza.com.br,magazineluiza.com.br,2026-05-15 13:26:32 UTC,2026-11-30 13:26:31 UTC
gil-gunderson-api-staging.magazineluiza.com.br,magazineluiza.com.br,2026-05-15 13:26:32 UTC,2026-11-30 13:26:31 UTC
gil-gunderson-api.magazineluiza.com.br,magazineluiza.com.br,2026-05-15 13:26:32 UTC,2026-11-30 13:26:31 UTC
ginao-batch-integration-api-staging-internal.magazineluiza.com.br,,ERRO: timeout na conexão,ERRO: timeout na conexão
ginao-batch-integration-api-staging.magazineluiza.com.br,genesys-fall-2024-genesys-wsg.dev.c1conversations.io,2026-05-08 07:47:18 UTC,2026-08-06 08:40:52 UTC
ginao-batch-integration-api.magazineluiza.com.br,magazineluiza.com.br,2026-05-15 13:26:32 UTC,2026-11-30 13:26:31 UTC
ginao-billing-consumer-internal.magazineluiza.com.br,,ERRO: timeout na conexão,ERRO: timeout na conexão
ginao-billing-producer.magazineluiza.com.br,magazineluiza.com.br,2026-05-15 13:26:32 UTC,2026-11-30 13:26:31 UTC
ginao-products-notification.magazineluiza.com.br,magazineluiza.com.br,2026-05-15 13:26:32 UTC,2026-11-30 13:26:31 UTC
glconnect-api-internal.magazineluiza.com.br,magazineluiza.com.br,2026-05-15 13:26:32 UTC,2026-11-30 13:26:31 UTC
glconnect-api-origin.magazineluiza.com.br,magazineluiza.com.br,2026-05-15 13:26:32 UTC,2026-11-30 13:26:31 UTC
globalsign-domain-verification.magazineluiza.com.br,,ERRO: connect:errno=0,ERRO: connect:errno=0
glog-api-internal.magazineluiza.com.br,magazineluiza.com.br,2026-05-15 13:26:32 UTC,2026-11-30 13:26:31 UTC
glog-api.magazineluiza.com.br,magazineluiza.com.br,2026-05-15 13:26:32 UTC,2026-11-30 13:26:31 UTC
gluu.magazineluiza.com.br,,ERRO: timeout na conexão,ERRO: timeout na conexão
go-drift-api-internal.magazineluiza.com.br,,ERRO: timeout na conexão,ERRO: timeout na conexão
go-optimusprime-api-stage.magazineluiza.com.br,*.magazineluiza.com.br,2025-05-08 00:00:00 UTC,2026-06-07 23:59:59 UTC
gol-api-staging.magazineluiza.com.br,,ERRO: connect:errno=0,ERRO: connect:errno=0
gol-api-temp.magazineluiza.com.br,,ERRO: timeout na conexão,ERRO: timeout na conexão
goldmill-api-stage-internal.magazineluiza.com.br,,ERRO: timeout na conexão,ERRO: timeout na conexão
goldmill-api.magazineluiza.com.br,magazineluiza.com.br,2026-05-15 13:26:32 UTC,2026-11-30 13:26:31 UTC
google._domainkey.magazineluiza.com.br,,ERRO: connect:errno=0,ERRO: connect:errno=0
grafana-integration.magazineluiza.com.br,,ERRO: timeout na conexão,ERRO: timeout na conexão
grafana-posvenda.magazineluiza.com.br,,ERRO: connect:errno=0,ERRO: connect:errno=0
grafana-production-gcp.magazineluiza.com.br,auth.tst.mmcafe.com.br,2026-04-28 12:37:47 UTC,2026-07-27 12:37:46 UTC
grafana-production-k8s.magazineluiza.com.br,magazineluiza.com.br,2026-05-15 13:26:32 UTC,2026-11-30 13:26:31 UTC
grafana-production-onprem.magazineluiza.com.br,,ERRO: connect:errno=0,ERRO: connect:errno=0
grafana-production.magazineluiza.com.br,,ERRO: connect:errno=0,ERRO: connect:errno=0
grafana-staging-gcp.magazineluiza.com.br,,ERRO: timeout na conexão,ERRO: timeout na conexão
grafana-staging-onprem.magazineluiza.com.br,,ERRO: connect:errno=0,ERRO: connect:errno=0
grafana-staging.magazineluiza.com.br,,ERRO: connect:errno=0,ERRO: connect:errno=0
grafana-v6-7-3-infra.magazineluiza.com.br,*.magazineluiza.com.br,2024-06-06 00:00:00 UTC,2025-07-06 23:59:59 UTC
grafana-v6-7-3.magazineluiza.com.br,,ERRO: timeout na conexão,ERRO: timeout na conexão
grafana.onpremise.k8s.host1.magazineluiza.com.br,,ERRO: timeout na conexão,ERRO: timeout na conexão
grafana.onpremise.k8s.host2.magazineluiza.com.br,,ERRO: timeout na conexão,ERRO: timeout na conexão
grafana.onpremise.k8s.magazineluiza.com.br,,ERRO: timeout na conexão,ERRO: timeout na conexão
graph-staging.magazineluiza.com.br,,ERRO: timeout na conexão,ERRO: timeout na conexão
green.clube.magazineluiza.com.br,,ERRO: timeout na conexão,ERRO: timeout na conexão
green.magazineluiza.com.br,,ERRO: timeout na conexão,ERRO: timeout na conexão
grimreaper-plt.magazineluiza.com.br,,ERRO: timeout na conexão,ERRO: timeout na conexão
gringotts-api-config.magazineluiza.com.br,magazineluiza.com.br,2026-05-15 13:26:32 UTC,2026-11-30 13:26:31 UTC
gringotts-api.magazineluiza.com.br,magazineluiza.com.br,2026-05-15 13:26:32 UTC,2026-11-30 13:26:31 UTC
gringotts-config-api-staging.magazineluiza.com.br,,ERRO: timeout na conexão,ERRO: timeout na conexão
gringotts-config-staging.magazineluiza.com.br,,ERRO: timeout na conexão,ERRO: timeout na conexão
gringotts-config.magazineluiza.com.br,,ERRO: timeout na conexão,ERRO: timeout na conexão
gringotts-staging.magazineluiza.com.br,,ERRO: timeout na conexão,ERRO: timeout na conexão
guiadecompras.hotsite-homologacao.magazineluiza.com.br,,ERRO: timeout na conexão,ERRO: timeout na conexão
hachiman-api-staging.magazineluiza.com.br,*.extramarks.com,2026-01-23 12:44:20 UTC,2027-02-24 12:44:20 UTC
hanzo-origin.magazineluiza.com.br,magazineluiza.com.br,2026-05-15 13:26:32 UTC,2026-11-30 13:26:31 UTC
harvey-api-gcp-temp.magazineluiza.com.br,,ERRO: timeout na conexão,ERRO: timeout na conexão
harvey-api-hml.magazineluiza.com.br,,ERRO: connect:errno=0,ERRO: connect:errno=0
harvey-api-sandbox.magazineluiza.com.br,,ERRO: timeout na conexão,ERRO: timeout na conexão
harvey-api.magazineluiza.com.br,magazineluiza.com.br,2026-05-15 13:26:32 UTC,2026-11-30 13:26:31 UTC
harvey-teste.magazineluiza.com.br,,ERRO: connect:errno=0,ERRO: connect:errno=0
hawkins-api-mgc.magazineluiza.com.br,magazineluiza.com.br,2026-05-15 13:26:32 UTC,2026-11-30 13:26:31 UTC
hawkins-staging.magazineluiza.com.br,*.cantas-train.id,2025-01-21 06:25:18 UTC,2025-04-21 06:25:17 UTC
hc-soa.magazineluiza.com.br,keycloak-oi.stamtech.dev,2026-05-17 15:08:55 UTC,2026-08-15 16:02:49 UTC
headset.magazineluiza.com.br,*.teamworks.info,2026-03-03 00:00:00 UTC,2027-04-03 23:59:59 UTC
hector-internal.magazineluiza.com.br,magazineluiza.com.br,2026-05-15 13:26:32 UTC,2026-11-30 13:26:31 UTC
heimdall-extensoes-api-internal.magazineluiza.com.br,magazineluiza.com.br,2026-05-15 13:26:32 UTC,2026-11-30 13:26:31 UTC
heimdall-extensoes-api-stage-internal.magazineluiza.com.br,,ERRO: timeout na conexão,ERRO: timeout na conexão
heimdall-extensoes-api.magazineluiza.com.br,magazineluiza.com.br,2026-05-15 13:26:32 UTC,2026-11-30 13:26:31 UTC
heimdall-staging.magazineluiza.com.br,,ERRO: connect:errno=0,ERRO: connect:errno=0
heimdall-worker.magazineluiza.com.br,,ERRO: timeout na conexão,ERRO: timeout na conexão
helena-db-read-replica.magazineluiza.com.br,,ERRO: timeout na conexão,ERRO: timeout na conexão
helena-db.magazineluiza.com.br,,ERRO: timeout na conexão,ERRO: timeout na conexão
helena-gcp.magazineluiza.com.br,flare.flyaps.com,2026-05-21 17:04:14 UTC,2026-08-19 17:58:27 UTC
helena-internal-temp.magazineluiza.com.br,,ERRO: timeout na conexão,ERRO: timeout na conexão
helena-temp.magazineluiza.com.br,nasdaq.bobsled-cloud-api.com,2026-04-25 01:30:51 UTC,2026-07-24 02:25:05 UTC
hello-api-staging.magazineluiza.com.br,,ERRO: timeout na conexão,ERRO: timeout na conexão
hello-world-api-suricat.magazineluiza.com.br,,ERRO: timeout na conexão,ERRO: timeout na conexão
hendrix-v2.magazineluiza.com.br,magazineluiza.com.br,2026-05-15 13:26:32 UTC,2026-11-30 13:26:31 UTC
hendrix.magazineluiza.com.br,,ERRO: timeout na conexão,ERRO: timeout na conexão
hermes-api-staging-internal.magazineluiza.com.br,,ERRO: timeout na conexão,ERRO: timeout na conexão
hermes-backend-sandbox.magazineluiza.com.br,,ERRO: timeout na conexão,ERRO: timeout na conexão
hermes-backend-stage.magazineluiza.com.br,,ERRO: timeout na conexão,ERRO: timeout na conexão
hermes-backend-tmp.magazineluiza.com.br,grafana.ob.nonprod.glueware.dev,2026-05-13 18:33:41 UTC,2026-08-11 19:26:14 UTC
hermes-backend.magazineluiza.com.br,grafana.ob.nonprod.glueware.dev,2026-05-13 18:33:41 UTC,2026-08-11 19:26:14 UTC
hermes-media-api-staging-internal.magazineluiza.com.br,*.magazineluiza.com.br,2025-05-08 00:00:00 UTC,2026-06-07 23:59:59 UTC
hermes-staging.magazineluiza.com.br,,ERRO: timeout na conexão,ERRO: timeout na conexão
hermes.magazineluiza.com.br,,ERRO: timeout na conexão,ERRO: timeout na conexão
hmg-portaldofornecedor.magazineluiza.com.br,,ERRO: timeout na conexão,ERRO: timeout na conexão
holmes-actions.magazineluiza.com.br,magazineluiza.com.br,2026-05-15 13:26:32 UTC,2026-11-30 13:26:31 UTC
hope-api-origin.magazineluiza.com.br,magazineluiza.com.br,2026-05-15 13:26:32 UTC,2026-11-30 13:26:31 UTC
hotsite-homologacao.magazineluiza.com.br,,ERRO: timeout na conexão,ERRO: timeout na conexão
hotsite-origin.magazineluiza.com.br,,ERRO: timeout na conexão,ERRO: timeout na conexão
hotsite-sandbox.magazineluiza.com.br,,ERRO: connect:errno=0,ERRO: connect:errno=0
howardmq.magazineluiza.com.br,,ERRO: timeout na conexão,ERRO: timeout na conexão
hpywe._domainkey.cob.magazineluiza.com.br,,ERRO: connect:errno=0,ERRO: connect:errno=0
http\072\057\057ifrs-api-staging.magazineluiza.com.br,,ERRO: connect:errno=0,ERRO: connect:errno=0
hub-marketplace-readreplica.magazineluiza.com.br,,ERRO: connect:errno=0,ERRO: connect:errno=0
hydra-admin-staging.magazineluiza.com.br,,ERRO: connect:errno=0,ERRO: connect:errno=0
hydra-admin.magazineluiza.com.br,,ERRO: connect:errno=0,ERRO: connect:errno=0
hydra-staging.magazineluiza.com.br,,ERRO: connect:errno=0,ERRO: connect:errno=0
hyperion.magazineluiza.com.br,,ERRO: connect:errno=0,ERRO: connect:errno=0
i-proc.magazineluiza.com.br,,ERRO: timeout na conexão,ERRO: timeout na conexão
ib40133.magazineluiza.com.br,,ERRO: connect:errno=0,ERRO: connect:errno=0
ibm-novocolaborador.magazineluiza.com.br,,ERRO: timeout na conexão,ERRO: timeout na conexão
ibm-peoplesoft.magazineluiza.com.br,,ERRO: timeout na conexão,ERRO: timeout na conexão
ice.magazineluiza.com.br,,ERRO: timeout na conexão,ERRO: timeout na conexão
id-b2b-temp.magazineluiza.com.br,,ERRO: timeout na conexão,ERRO: timeout na conexão
ifrs-api.magazineluiza.com.br,magazineluiza.com.br,2026-05-15 13:26:32 UTC,2026-11-30 13:26:31 UTC
ifrs-cadastro.magazineluiza.com.br,magazineluiza.com.br,2026-05-15 13:26:32 UTC,2026-11-30 13:26:31 UTC
ifrs-processo.magazineluiza.com.br,magazineluiza.com.br,2026-05-15 13:26:32 UTC,2026-11-30 13:26:31 UTC
ifrs-report.magazineluiza.com.br,magazineluiza.com.br,2026-05-15 13:26:32 UTC,2026-11-30 13:26:31 UTC
img-origin.magazineluiza.com.br,,ERRO: timeout na conexão,ERRO: timeout na conexão
inbound-api-internal-staging.magazineluiza.com.br,,ERRO: timeout na conexão,ERRO: timeout na conexão
inbound-api-origin.magazineluiza.com.br,magazineluiza.com.br,2026-05-15 13:26:32 UTC,2026-11-30 13:26:31 UTC
inbound-api-staging.magazineluiza.com.br,,ERRO: timeout na conexão,ERRO: timeout na conexão
inbound-bff-staging.magazineluiza.com.br,miracraw-gyoshu.sompo-dxsui.com,2026-05-18 08:51:15 UTC,2026-08-16 09:45:49 UTC
incoming-invoice-staging.magazineluiza.com.br,,ERRO: connect:errno=0,ERRO: connect:errno=0
indexer-api.magazineluiza.com.br,,ERRO: timeout na conexão,ERRO: timeout na conexão
indicadores-ajuste-ponto-staging.magazineluiza.com.br,,ERRO: timeout na conexão,ERRO: timeout na conexão
infograficos.hotsite-homologacao.magazineluiza.com.br,,ERRO: timeout na conexão,ERRO: timeout na conexão
infra-gw.magazineluiza.com.br,,ERRO: timeout na conexão,ERRO: timeout na conexão
ingress-k8s-mke-lab-adam.magazineluiza.com.br,magazineluiza.com.br,2026-05-15 13:26:32 UTC,2026-11-30 13:26:31 UTC
inspector-detector-api-internal.magazineluiza.com.br,,ERRO: timeout na conexão,ERRO: timeout na conexão
inspector-detector-api-stage-internal.magazineluiza.com.br,,ERRO: timeout na conexão,ERRO: timeout na conexão
inspector-detector-api.magazineluiza.com.br,magazineluiza.com.br,2026-05-15 13:26:32 UTC,2026-11-30 13:26:31 UTC
inspetor-bugiganga-internal.magazineluiza.com.br,,ERRO: timeout na conexão,ERRO: timeout na conexão
inss-producer-api-internal.magazineluiza.com.br,magazineluiza.com.br,2026-05-15 13:26:32 UTC,2026-11-30 13:26:31 UTC
inss-producer-api.magazineluiza.com.br,magazineluiza.com.br,2026-05-15 13:26:32 UTC,2026-11-30 13:26:31 UTC
inss-producer-stage-internal.magazineluiza.com.br,,ERRO: timeout na conexão,ERRO: timeout na conexão
inss-producer-stage.magazineluiza.com.br,,ERRO: timeout na conexão,ERRO: timeout na conexão
inss-producer.magazineluiza.com.br,pruidlife-nprd-uat-bzc65x-az2.pruconnect.net,2025-10-10 00:00:00 UTC,2026-10-10 23:59:59 UTC
integra-api-in-prod-origin.magazineluiza.com.br,,ERRO: timeout na conexão,ERRO: timeout na conexão
integra-pos-admissao.magazineluiza.com.br,,ERRO: connect:errno=0,ERRO: connect:errno=0
integra-santander-api.magazineluiza.com.br,,ERRO: timeout na conexão,ERRO: timeout na conexão
integra-santander.magazineluiza.com.br,,ERRO: timeout na conexão,ERRO: timeout na conexão
integracao-ecf-worker.magazineluiza.com.br,,ERRO: timeout na conexão,ERRO: timeout na conexão
integracao-notaent-worker.magazineluiza.com.br,,ERRO: timeout na conexão,ERRO: timeout na conexão
integracao-notasai-worker.magazineluiza.com.br,,ERRO: timeout na conexão,ERRO: timeout na conexão
integracao-oebs-staging.magazineluiza.com.br,*.magazineluiza.com.br,2025-05-08 00:00:00 UTC,2026-06-07 23:59:59 UTC
integracao-oebs.magazineluiza.com.br,magazineluiza.com.br,2026-05-15 13:26:32 UTC,2026-11-30 13:26:31 UTC
integracao-p2kecf-worker.magazineluiza.com.br,,ERRO: timeout na conexão,ERRO: timeout na conexão
integracao-pessoa-worker.magazineluiza.com.br,,ERRO: timeout na conexão,ERRO: timeout na conexão
integracao-produto-worker.magazineluiza.com.br,,ERRO: timeout na conexão,ERRO: timeout na conexão
integracaogeneral-staging.magazineluiza.com.br,,ERRO: connect:errno=0,ERRO: connect:errno=0
integracaogeneral.magazineluiza.com.br,,ERRO: connect:errno=0,ERRO: connect:errno=0
integrador-balboa-saida-api.magazineluiza.com.br,magazineluiza.com.br,2026-05-15 13:26:32 UTC,2026-11-30 13:26:31 UTC
integrador-docfis-api-staging.magazineluiza.com.br,*.magazineluiza.com.br,2025-05-08 00:00:00 UTC,2026-06-07 23:59:59 UTC
integrador-docfis-api.magazineluiza.com.br,magazineluiza.com.br,2026-05-15 13:26:32 UTC,2026-11-30 13:26:31 UTC
integrador-emprestimo-api.magazineluiza.com.br,magazineluiza.com.br,2026-05-15 13:26:32 UTC,2026-11-30 13:26:31 UTC
integrador-hr-staging.magazineluiza.com.br,,ERRO: connect:errno=0,ERRO: connect:errno=0
integradorhr-api-stage.magazineluiza.com.br,,ERRO: timeout na conexão,ERRO: timeout na conexão
integradorhr-api.magazineluiza.com.br,magazineluiza.com.br,2026-05-15 13:26:32 UTC,2026-11-30 13:26:31 UTC
integration-apdata-api-b-staging.magazineluiza.com.br,,ERRO: timeout na conexão,ERRO: timeout na conexão
integration-apdata-api-internal.magazineluiza.com.br,magazineluiza.com.br,2026-05-15 13:26:32 UTC,2026-11-30 13:26:31 UTC
integration-apdata-api.magazineluiza.com.br,magazineluiza.com.br,2026-05-15 13:26:32 UTC,2026-11-30 13:26:31 UTC
internalvpn1099.magazineluiza.com.br,,ERRO: timeout na conexão,ERRO: timeout na conexão
internalvpn500.magazineluiza.com.br,,ERRO: timeout na conexão,ERRO: timeout na conexão
internalvpn900.magazineluiza.com.br,,ERRO: timeout na conexão,ERRO: timeout na conexão
inventario-terceirizado.magazineluiza.com.br,*.mmdsmart.com,2025-07-29 00:00:00 UTC,2026-08-29 23:59:59 UTC
inventariopaliativo-staging.magazineluiza.com.br,,ERRO: timeout na conexão,ERRO: timeout na conexão
inventory-management-bff-origin.magazineluiza.com.br,magazineluiza.com.br,2026-05-15 13:26:32 UTC,2026-11-30 13:26:31 UTC
invoices-staging.magazineluiza.com.br,magazineluiza.com.br,2026-05-15 13:26:32 UTC,2026-11-30 13:26:31 UTC
invoices.magazineluiza.com.br,magazineluiza.com.br,2026-05-15 13:26:32 UTC,2026-11-30 13:26:31 UTC
ipdv-origin.magazineluiza.com.br,,ERRO: timeout na conexão,ERRO: timeout na conexão
ironhide-api-stage-internal.magazineluiza.com.br,,ERRO: timeout na conexão,ERRO: timeout na conexão
ironhide-api-transformers-global-access.magazineluiza.com.br,,ERRO: timeout na conexão,ERRO: timeout na conexão
ironhide-api-transformers-internal.magazineluiza.com.br,,ERRO: timeout na conexão,ERRO: timeout na conexão
ironhide-api-transformers-origin.magazineluiza.com.br,*.magazineluiza.com.br,2025-05-08 00:00:00 UTC,2026-06-07 23:59:59 UTC
ironhide-api-transformers-stage.magazineluiza.com.br,*.magazineluiza.com.br,2025-05-08 00:00:00 UTC,2026-06-07 23:59:59 UTC
isupply-api.magazineluiza.com.br,,ERRO: timeout na conexão,ERRO: timeout na conexão
isupply-consumer-sandbox.magazineluiza.com.br,,ERRO: timeout na conexão,ERRO: timeout na conexão
isupply-pre-prod.magazineluiza.com.br,,ERRO: timeout na conexão,ERRO: timeout na conexão
isupply-sandbox.magazineluiza.com.br,api.ea.prod.usercentrics.cloud,2026-04-21 15:20:20 UTC,2026-07-20 16:14:14 UTC
isupply-ticket-internal.magazineluiza.com.br,,ERRO: timeout na conexão,ERRO: timeout na conexão
isupply-ticket-sandbox.magazineluiza.com.br,,ERRO: timeout na conexão,ERRO: timeout na conexão
izanagi-api-internal.magazineluiza.com.br,magazineluiza.com.br,2026-05-15 13:26:32 UTC,2026-11-30 13:26:31 UTC
izanagi-api-staging.magazineluiza.com.br,,ERRO: timeout na conexão,ERRO: timeout na conexão
izanagi-api.magazineluiza.com.br,magazineluiza.com.br,2026-05-15 13:26:32 UTC,2026-11-30 13:26:31 UTC
jack-api.magazineluiza.com.br,magazineluiza.com.br,2026-05-15 13:26:32 UTC,2026-11-30 13:26:31 UTC
jack-integra-equals.magazineluiza.com.br,,ERRO: timeout na conexão,ERRO: timeout na conexão
jack-integra-fiscal.magazineluiza.com.br,,ERRO: timeout na conexão,ERRO: timeout na conexão
jack-split-internal.magazineluiza.com.br,,ERRO: timeout na conexão,ERRO: timeout na conexão
jack-split.magazineluiza.com.br,magazineluiza.com.br,2026-05-15 13:26:32 UTC,2026-11-30 13:26:31 UTC
jackpot-origin.magazineluiza.com.br,,ERRO: timeout na conexão,ERRO: timeout na conexão
jackpot.magazineluiza.com.br,magazineluiza.com.br,2026-05-15 13:26:32 UTC,2026-11-30 13:26:31 UTC
janine-api-origin.magazineluiza.com.br,magazineluiza.com.br,2026-05-15 13:26:32 UTC,2026-11-30 13:26:31 UTC
janus-api-internal.magazineluiza.com.br,magazineluiza.com.br,2026-05-15 13:26:32 UTC,2026-11-30 13:26:31 UTC
janus-api-origin.magazineluiza.com.br,magazineluiza.com.br,2026-05-15 13:26:32 UTC,2026-11-30 13:26:31 UTC
janus-api-staging-origin.magazineluiza.com.br,*.magazineluiza.com.br,2025-05-08 00:00:00 UTC,2026-06-07 23:59:59 UTC
janus-api-staging.magazineluiza.com.br,*.magazineluiza.com.br,2025-05-08 00:00:00 UTC,2026-06-07 23:59:59 UTC
janus-staging.magazineluiza.com.br,,ERRO: timeout na conexão,ERRO: timeout na conexão
janus-worker-ebs.magazineluiza.com.br,,ERRO: timeout na conexão,ERRO: timeout na conexão
janus.magazineluiza.com.br,,ERRO: timeout na conexão,ERRO: timeout na conexão
jarvis-app-bot.magazineluiza.com.br,,ERRO: timeout na conexão,ERRO: timeout na conexão
jarviswebhook.magazineluiza.com.br,,ERRO: connect:errno=0,ERRO: connect:errno=0
jaspion-api-gcp.magazineluiza.com.br,*.magazineluiza.com.br,2024-06-06 00:00:00 UTC,2025-07-06 23:59:59 UTC
jaspion-api-transformers-stage.magazineluiza.com.br,*.magazineluiza.com.br,2025-05-08 00:00:00 UTC,2026-06-07 23:59:59 UTC
jaspion-api.magazineluiza.com.br,*.magazineluiza.com.br,2024-06-06 00:00:00 UTC,2025-07-06 23:59:59 UTC
jaspion-internal.magazineluiza.com.br,magazineluiza.com.br,2026-05-15 13:26:32 UTC,2026-11-30 13:26:31 UTC
jaspion-staging.magazineluiza.com.br,magazineluiza.com.br,2026-05-15 13:26:32 UTC,2026-11-30 13:26:31 UTC
jatai.magazineluiza.com.br,,ERRO: timeout na conexão,ERRO: timeout na conexão
jazz-api-internal.magazineluiza.com.br,,ERRO: timeout na conexão,ERRO: timeout na conexão
jazz-api-pilot-stage.magazineluiza.com.br,*.magazineluiza.com.br,2025-05-08 00:00:00 UTC,2026-06-07 23:59:59 UTC
jazz-api.magazineluiza.com.br,*.magazineluiza.com.br,2025-05-08 00:00:00 UTC,2026-06-07 23:59:59 UTC
jazz-backend-logistica-temp.magazineluiza.com.br,*.magazineluiza.com.br,2025-05-08 00:00:00 UTC,2026-06-07 23:59:59 UTC
jazz-backend-transformers-stage.magazineluiza.com.br,*.magazineluiza.com.br,2025-05-08 00:00:00 UTC,2026-06-07 23:59:59 UTC
jazz-backend.magazineluiza.com.br,*.magazineluiza.com.br,2025-05-08 00:00:00 UTC,2026-06-07 23:59:59 UTC
jazz-pilot-transformers-logistica.magazineluiza.com.br,magazineluiza.com.br,2026-05-15 13:26:32 UTC,2026-11-30 13:26:31 UTC
jazz-transformers-logistica-temp.magazineluiza.com.br,*.magazineluiza.com.br,2025-05-08 00:00:00 UTC,2026-06-07 23:59:59 UTC
jazz-transformers-logistica.magazineluiza.com.br,*.magazineluiza.com.br,2025-05-08 00:00:00 UTC,2026-06-07 23:59:59 UTC
jenkins-hml-gcp.magazineluiza.com.br,,ERRO: timeout na conexão,ERRO: timeout na conexão
jenkins-tribo-cliente.magazineluiza.com.br,,ERRO: timeout na conexão,ERRO: timeout na conexão
jenkins-tst.magazineluiza.com.br,,ERRO: timeout na conexão,ERRO: timeout na conexão
jiban-staging.magazineluiza.com.br,,ERRO: timeout na conexão,ERRO: timeout na conexão
jotinha-api-temp.magazineluiza.com.br,,ERRO: timeout na conexão,ERRO: timeout na conexão
jotinha-app-admin-staging-origin.magazineluiza.com.br,,ERRO: timeout na conexão,ERRO: timeout na conexão
jotinha-app-pontos-fisicos-a.magazineluiza.com.br,kernel.staging.astrale.ai,2026-05-01 20:31:17 UTC,2026-07-30 21:26:11 UTC
jotinha-app-staging-origin.magazineluiza.com.br,,ERRO: timeout na conexão,ERRO: timeout na conexão
jubilee-api-mgc.magazineluiza.com.br,,ERRO: timeout na conexão,ERRO: timeout na conexão
jubilee-api-origin.magazineluiza.com.br,magazineluiza.com.br,2026-05-15 13:26:32 UTC,2026-11-30 13:26:31 UTC
jujubetz.magazineluiza.com.br,,ERRO: timeout na conexão,ERRO: timeout na conexão
jullius-ecomm-api-internal-temp.magazineluiza.com.br,,ERRO: timeout na conexão,ERRO: timeout na conexão
jullius-ecomm-api-internal.magazineluiza.com.br,,ERRO: timeout na conexão,ERRO: timeout na conexão
jullius-ecomm-api-temp.magazineluiza.com.br,,ERRO: timeout na conexão,ERRO: timeout na conexão
k1._domainkey.magazineluiza.com.br,,ERRO: connect:errno=0,ERRO: connect:errno=0
k8s-test.magazineluiza.com.br,,ERRO: connect:errno=11,ERRO: connect:errno=11
kannon-api-staging.magazineluiza.com.br,,ERRO: timeout na conexão,ERRO: timeout na conexão
kannon-api.magazineluiza.com.br,,ERRO: timeout na conexão,ERRO: timeout na conexão
keystone-stage-internal.magazineluiza.com.br,*.magazineluiza.com.br,2025-05-08 00:00:00 UTC,2026-06-07 23:59:59 UTC
kirk-api-stage-2.magazineluiza.com.br,,ERRO: timeout na conexão,ERRO: timeout na conexão
kirk-backend.magazineluiza.com.br,,ERRO: timeout na conexão,ERRO: timeout na conexão
kirk-hd-api-stage.magazineluiza.com.br,,ERRO: timeout na conexão,ERRO: timeout na conexão
kirk-origin.magazineluiza.com.br,,ERRO: timeout na conexão,ERRO: timeout na conexão
kirk-socket-origin.magazineluiza.com.br,magazineluiza.com.br,2026-05-15 13:26:32 UTC,2026-11-30 13:26:31 UTC
kirk-socket-stage-2.magazineluiza.com.br,,ERRO: timeout na conexão,ERRO: timeout na conexão
kirk-socket-stage-internal.magazineluiza.com.br,,ERRO: timeout na conexão,ERRO: timeout na conexão
kirk-web-temp.magazineluiza.com.br,,ERRO: timeout na conexão,ERRO: timeout na conexão
kong-gestaocorp-oebs-ap-internal.magazineluiza.com.br,magazineluiza.com.br,2026-05-15 13:26:32 UTC,2026-11-30 13:26:31 UTC
kong-gestaocorp-oebs-ap-origin.magazineluiza.com.br,magazineluiza.com.br,2026-05-15 13:26:32 UTC,2026-11-30 13:26:31 UTC
kong-gestaocorp-oebs-ap-staging-internal.magazineluiza.com.br,,ERRO: timeout na conexão,ERRO: timeout na conexão
kong-lulu-apis-origin.magazineluiza.com.br,,ERRO: timeout na conexão,ERRO: timeout na conexão
kraken-api-staging-internal.magazineluiza.com.br,,ERRO: timeout na conexão,ERRO: timeout na conexão
kraken-api-staging.magazineluiza.com.br,,ERRO: timeout na conexão,ERRO: timeout na conexão
kraken-api-v1-staging-internal.magazineluiza.com.br,,ERRO: timeout na conexão,ERRO: timeout na conexão
kraken-api-v1-staging.magazineluiza.com.br,,ERRO: timeout na conexão,ERRO: timeout na conexão
kraken-api.magazineluiza.com.br,,ERRO: timeout na conexão,ERRO: timeout na conexão
kroc.magazineluiza.com.br,magazineluiza.com.br,2026-05-15 13:26:32 UTC,2026-11-30 13:26:31 UTC
kv2c65mnvanbh2jablp6hooxk7uf5ldw._domainkey.magazineluiza.com.br,,ERRO: timeout na conexão,ERRO: timeout na conexão
label-core-api.magazineluiza.com.br,,ERRO: timeout na conexão,ERRO: timeout na conexão
label-core-api.magazineluiza.com.brmagazineluiza.com.br,,ERRO: connect:errno=0,ERRO: connect:errno=0
landscape.magazineluiza.com.br,,ERRO: connect:errno=0,ERRO: connect:errno=0
lango-lango-staging.magazineluiza.com.br,,ERRO: connect:errno=0,ERRO: connect:errno=0
lego-agendamentos-api.magazineluiza.com.br,magazineluiza.com.br,2026-05-15 13:26:32 UTC,2026-11-30 13:26:31 UTC
lego-api-staging.magazineluiza.com.br,magazineluiza.com.br,2026-05-15 13:26:32 UTC,2026-11-30 13:26:31 UTC
lego-api.magazineluiza.com.br,magazineluiza.com.br,2026-05-15 13:26:32 UTC,2026-11-30 13:26:31 UTC
lemon-sellers-api-staging-internal.magazineluiza.com.br,magazineluiza.com.br,2026-05-15 13:26:32 UTC,2026-11-30 13:26:31 UTC
lemon-sellers-api-test.magazineluiza.com.br,magazineluiza.com.br,2026-05-15 13:26:32 UTC,2026-11-30 13:26:31 UTC
lemon-sellers-virtual-badge-api.magazineluiza.com.br,magazineluiza.com.br,2026-05-15 13:26:32 UTC,2026-11-30 13:26:31 UTC
lenny-leonard-api-internal.magazineluiza.com.br,magazineluiza.com.br,2026-05-15 13:26:32 UTC,2026-11-30 13:26:31 UTC
lenny-leonard-api-mgc.magazineluiza.com.br,magazineluiza.com.br,2026-05-15 13:26:32 UTC,2026-11-30 13:26:31 UTC
lgs.magazineluiza.com.br,,ERRO: timeout na conexão,ERRO: timeout na conexão
lia.magazineluiza.com.br,,ERRO: connect:errno=0,ERRO: connect:errno=0
libera-mais-stage.magazineluiza.com.br,,ERRO: connect:errno=0,ERRO: connect:errno=0
liquidacaodamadrugada.magazineluiza.com.br,,ERRO: timeout na conexão,ERRO: timeout na conexão
lisa-api-backoffice-internal.magazineluiza.com.br,magazineluiza.com.br,2026-05-15 13:26:32 UTC,2026-11-30 13:26:31 UTC
lisa-api-backoffice.magazineluiza.com.br,magazineluiza.com.br,2026-05-15 13:26:32 UTC,2026-11-30 13:26:31 UTC
lisa-api-internal-stage.magazineluiza.com.br,magazineluiza.com.br,2026-05-15 13:26:32 UTC,2026-11-30 13:26:31 UTC
lisa-api-internal.magazineluiza.com.br,magazineluiza.com.br,2026-05-15 13:26:32 UTC,2026-11-30 13:26:31 UTC
lisa-api.magazineluiza.com.br,magazineluiza.com.br,2026-05-15 13:26:32 UTC,2026-11-30 13:26:31 UTC
lista.magazineluiza.com.br,,ERRO: connect:errno=0,ERRO: connect:errno=0
listadecasamento.magazineluiza.com.br,,ERRO: connect:errno=0,ERRO: connect:errno=0
listadecasamento2.magazineluiza.com.br,,ERRO: timeout na conexão,ERRO: timeout na conexão
loads-api-internal.magazineluiza.com.br,magazineluiza.com.br,2026-05-15 13:26:32 UTC,2026-11-30 13:26:31 UTC
loads-api-stage.magazineluiza.com.br,,ERRO: timeout na conexão,ERRO: timeout na conexão
loads-api.magazineluiza.com.br,magazineluiza.com.br,2026-05-15 13:26:32 UTC,2026-11-30 13:26:31 UTC
loads-notification-api-internal.magazineluiza.com.br,magazineluiza.com.br,2026-05-15 13:26:32 UTC,2026-11-30 13:26:31 UTC
loads-notification-api-stage.magazineluiza.com.br,CloudFlare Origin Certificate,2024-04-18 04:36:00 UTC,2039-04-15 04:36:00 UTC
loads-notification-api.magazineluiza.com.br,magazineluiza.com.br,2026-05-15 13:26:32 UTC,2026-11-30 13:26:31 UTC
lockdown-api-stage.magazineluiza.com.br,*.magazineluiza.com.br,2025-05-08 00:00:00 UTC,2026-06-07 23:59:59 UTC
lockdown-worker-stage.magazineluiza.com.br,*.magazineluiza.com.br,2025-05-08 00:00:00 UTC,2026-06-07 23:59:59 UTC
locker-manager-api-staging-v2.magazineluiza.com.br,,ERRO: connect:errno=0,ERRO: connect:errno=0
locker-manager-api-staging.magazineluiza.com.br,,ERRO: connect:errno=0,ERRO: connect:errno=0
locust-rollout.magazineluiza.com.br,,ERRO: timeout na conexão,ERRO: timeout na conexão
logistic-auth-api-ui-stage.magazineluiza.com.br,,ERRO: timeout na conexão,ERRO: timeout na conexão
logistic-auth-api-ui-temp-argo.magazineluiza.com.br,,ERRO: timeout na conexão,ERRO: timeout na conexão
logistic-auth-api-ui.magazineluiza.com.br,magazineluiza.com.br,2026-05-15 13:26:32 UTC,2026-11-30 13:26:31 UTC
logistic-messages-fail-internal.magazineluiza.com.br,magazineluiza.com.br,2026-05-15 13:26:32 UTC,2026-11-30 13:26:31 UTC
logistic-messages-fail.magazineluiza.com.br,magazineluiza.com.br,2026-05-15 13:26:32 UTC,2026-11-30 13:26:31 UTC
logisticastore-stage.magazineluiza.com.br,,ERRO: connect:errno=0,ERRO: connect:errno=0
logisticastore.magazineluiza.com.br,,ERRO: connect:errno=0,ERRO: connect:errno=0
lognit-new.magazineluiza.com.br,,ERRO: connect:errno=0,ERRO: connect:errno=0
lognit.magazineluiza.com.br,,ERRO: connect:errno=0,ERRO: connect:errno=0
loja-epocacosmeticos.magazineluiza.com.br,,ERRO: connect:errno=0,ERRO: connect:errno=0
loja-luizalabs.magazineluiza.com.br,,ERRO: connect:errno=0,ERRO: connect:errno=0
loja.magazineluiza.com.br,,ERRO: timeout na conexão,ERRO: timeout na conexão
lojas-staging.magazineluiza.com.br,slims-gate-commercial-8085-staging.freenome.net,2026-05-12 20:37:06 UTC,2026-08-10 21:31:20 UTC
lojas-txt.magazineluiza.com.br,,ERRO: connect:errno=0,ERRO: connect:errno=0
loretta-api-internal.magazineluiza.com.br,magazineluiza.com.br,2026-05-15 13:26:32 UTC,2026-11-30 13:26:31 UTC
loretta-api-stage-internal.magazineluiza.com.br,,ERRO: timeout na conexão,ERRO: timeout na conexão
loretta-api-stage.magazineluiza.com.br,,ERRO: timeout na conexão,ERRO: timeout na conexão
loretta-api-teste.magazineluiza.com.br,magazineluiza.com.br,2026-05-15 13:26:32 UTC,2026-11-30 13:26:31 UTC
loretta-api.magazineluiza.com.br,magazineluiza.com.br,2026-05-15 13:26:32 UTC,2026-11-30 13:26:31 UTC
lou-gateway-gtw-internal.magazineluiza.com.br,magazineluiza.com.br,2026-05-15 13:26:32 UTC,2026-11-30 13:26:31 UTC
lou-gateway-internal.magazineluiza.com.br,magazineluiza.com.br,2026-05-15 13:26:32 UTC,2026-11-30 13:26:31 UTC
lou-gateway-staging.magazineluiza.com.br,,ERRO: timeout na conexão,ERRO: timeout na conexão
lou-gateway.magazineluiza.com.br,magazineluiza.com.br,2026-05-15 13:26:32 UTC,2026-11-30 13:26:31 UTC
louro-jose-admin-staging.magazineluiza.com.br,,ERRO: timeout na conexão,ERRO: timeout na conexão
luadmin-dfm-api-mgc.magazineluiza.com.br,magazineluiza.com.br,2026-05-15 13:26:32 UTC,2026-11-30 13:26:31 UTC
luadmin-dfm-api-staging-gcp.magazineluiza.com.br,,ERRO: timeout na conexão,ERRO: timeout na conexão
luadmin-dfm-api.magazineluiza.com.br,magazineluiza.com.br,2026-05-15 13:26:32 UTC,2026-11-30 13:26:31 UTC
lucas-sinclair-api-mgc.magazineluiza.com.br,magazineluiza.com.br,2026-05-15 13:26:32 UTC,2026-11-30 13:26:31 UTC
lucas-sinclair-api-staging.magazineluiza.com.br,api-gateway-graf-prod.nianticlabs.com,2025-10-05 00:49:04 UTC,2026-01-03 01:42:59 UTC
luiza-travel-api-internal.magazineluiza.com.br,magazineluiza.com.br,2026-05-15 13:26:32 UTC,2026-11-30 13:26:31 UTC
luiza-travel-api-origin.magazineluiza.com.br,magazineluiza.com.br,2026-05-15 13:26:32 UTC,2026-11-30 13:26:31 UTC
luiza-travel-api3-origin.magazineluiza.com.br,magazineluiza.com.br,2026-05-15 13:26:32 UTC,2026-11-30 13:26:31 UTC
luizamaps-geocoding-internal.magazineluiza.com.br,magazineluiza.com.br,2026-05-15 13:26:32 UTC,2026-11-30 13:26:31 UTC
luizamaps-hml.magazineluiza.com.br,,ERRO: timeout na conexão,ERRO: timeout na conexão
luizaviagens-origin.magazineluiza.com.br,magazineluiza.com.br,2026-05-15 13:26:32 UTC,2026-11-30 13:26:31 UTC
luknator.magazineluiza.com.br,,ERRO: connect:errno=0,ERRO: connect:errno=0
lws-sandbox.magazineluiza.com.br,,ERRO: timeout na conexão,ERRO: timeout na conexão
m-debug.magazineluiza.com.br,,ERRO: timeout na conexão,ERRO: timeout na conexão
m-gcp.magazineluiza.com.br,,ERRO: connect:errno=0,ERRO: connect:errno=0
m-kube.magazineluiza.com.br,,ERRO: connect:errno=0,ERRO: connect:errno=0
m-origin-temp.magazineluiza.com.br,*.magazineluiza.com.br,2024-06-06 00:00:00 UTC,2025-07-06 23:59:59 UTC
m-origin.magazineluiza.com.br,,ERRO: timeout na conexão,ERRO: timeout na conexão
m.clube-origin.magazineluiza.com.br,,ERRO: timeout na conexão,ERRO: timeout na conexão
m1._domainkey.magazineluiza.com.br,,ERRO: connect:errno=0,ERRO: connect:errno=0
m2.magazineluiza.com.br,,ERRO: connect:errno=0,ERRO: connect:errno=0
maas-integra-worker-staging.magazineluiza.com.br,,ERRO: timeout na conexão,ERRO: timeout na conexão
maasvpn.magazineluiza.com.br,,ERRO: timeout na conexão,ERRO: timeout na conexão
maestro-api-hml.magazineluiza.com.br,,ERRO: connect:errno=0,ERRO: connect:errno=0
maestro-api-sandbox.magazineluiza.com.br,,ERRO: timeout na conexão,ERRO: timeout na conexão
maestro-api-teste-conexao.magazineluiza.com.br,,ERRO: timeout na conexão,ERRO: timeout na conexão
maestro-api.magazineluiza.com.br,magazineluiza.com.br,2026-05-15 13:26:32 UTC,2026-11-30 13:26:31 UTC
maestro-api.magazineluiza.com.brmagazineluiza.com.br,,ERRO: timeout na conexão,ERRO: timeout na conexão
maestro-cache.magazineluiza.com.br,,ERRO: connect:errno=0,ERRO: connect:errno=0
maestro-gateway-debug.magazineluiza.com.br,,ERRO: connect:errno=0,ERRO: connect:errno=0
maestro-gateway-hml.magazineluiza.com.br,,ERRO: connect:errno=0,ERRO: connect:errno=0
maestro-gateway-sandbox.magazineluiza.com.br,,ERRO: timeout na conexão,ERRO: timeout na conexão
maestro-gateway-v2.magazineluiza.com.br,holvi.digifinland.fi,2026-05-09 14:17:47 UTC,2026-08-07 15:12:01 UTC
maestro-gateway.magazineluiza.com.br,*.vitalsource.com,2025-11-13 14:49:39 UTC,2026-12-15 14:49:39 UTC
maestro-read-replica.magazineluiza.com.br,,ERRO: timeout na conexão,ERRO: timeout na conexão
maga-ak-m-headers-int-mgc-konggw.magazineluiza.com.br,magazineluiza.com.br,2026-05-15 13:26:32 UTC,2026-11-30 13:26:31 UTC
maga-ak-m-headers-int-mgc.magazineluiza.com.br,,ERRO: timeout na conexão,ERRO: timeout na conexão
maga-ak-m-headers-mgc.magazineluiza.com.br,,ERRO: timeout na conexão,ERRO: timeout na conexão
maga-cdn-cookie.magazineluiza.com.br,,ERRO: timeout na conexão,ERRO: timeout na conexão
maga-cdn-headers.magazineluiza.com.br,,ERRO: timeout na conexão,ERRO: timeout na conexão
maga-cookie-mgc.magazineluiza.com.br,,ERRO: timeout na conexão,ERRO: timeout na conexão
maga-onboarding-api-internal.magazineluiza.com.br,magazineluiza.com.br,2026-05-15 13:26:32 UTC,2026-11-30 13:26:31 UTC
maga-onboarding-api-origin.magazineluiza.com.br,magazineluiza.com.br,2026-05-15 13:26:32 UTC,2026-11-30 13:26:31 UTC
maga-onboarding-api-stage-internal.magazineluiza.com.br,*.magazineluiza.com.br,2025-05-08 00:00:00 UTC,2026-06-07 23:59:59 UTC
maga-onboarding-api-temp.magazineluiza.com.br,magazineluiza.com.br,2026-05-15 13:26:32 UTC,2026-11-30 13:26:31 UTC
maga-onboarding-origin.magazineluiza.com.br,magazineluiza.com.br,2026-05-15 13:26:32 UTC,2026-11-30 13:26:31 UTC
maga-onboarding-stage.magazineluiza.com.br,,ERRO: timeout na conexão,ERRO: timeout na conexão
maga-shippings-api-stage-internal.magazineluiza.com.br,,ERRO: timeout na conexão,ERRO: timeout na conexão
maga-v1-cache-01.magazineluiza.com.br,,ERRO: connect:errno=0,ERRO: connect:errno=0
maga-v1-cache-02.magazineluiza.com.br,,ERRO: connect:errno=0,ERRO: connect:errno=0
maga-v1-cache-03.magazineluiza.com.br,,ERRO: connect:errno=0,ERRO: connect:errno=0
maga-v1-cache-04.magazineluiza.com.br,,ERRO: connect:errno=0,ERRO: connect:errno=0
maga-v1-cache-05.magazineluiza.com.br,,ERRO: connect:errno=0,ERRO: connect:errno=0
maga-v1-cache-06.magazineluiza.com.br,,ERRO: connect:errno=0,ERRO: connect:errno=0
maga-v1-cache-hml-01.magazineluiza.com.br,,ERRO: connect:errno=0,ERRO: connect:errno=0
magalog-api-stage.magazineluiza.com.br,,ERRO: timeout na conexão,ERRO: timeout na conexão
magalog-api.magazineluiza.com.br,magazineluiza.com.br,2026-05-15 13:26:32 UTC,2026-11-30 13:26:31 UTC
magalog-stage.magazineluiza.com.br,,ERRO: timeout na conexão,ERRO: timeout na conexão
magalog-temp-argo.magazineluiza.com.br,,ERRO: timeout na conexão,ERRO: timeout na conexão
magalu-a-bordo-api-origin.magazineluiza.com.br,magazineluiza.com.br,2026-05-15 13:26:32 UTC,2026-11-30 13:26:31 UTC
magalu-a-bordo-api-staging-origin.magazineluiza.com.br,,ERRO: timeout na conexão,ERRO: timeout na conexão
magalu-agendas-api-stage.magazineluiza.com.br,,ERRO: timeout na conexão,ERRO: timeout na conexão
magalu-bloqueio-staging.magazineluiza.com.br,,ERRO: connect:errno=0,ERRO: connect:errno=0
magalu-desbloqueio-api.magazineluiza.com.br,magazineluiza.com.br,2026-05-15 13:26:32 UTC,2026-11-30 13:26:31 UTC
magalu-mensagem-api-tmp.magazineluiza.com.br,,ERRO: timeout na conexão,ERRO: timeout na conexão
magalu-mensagens-api-stage.magazineluiza.com.br,,ERRO: timeout na conexão,ERRO: timeout na conexão
magalu-mensagens-api.magazineluiza.com.br,magazineluiza.com.br,2026-05-15 13:26:32 UTC,2026-11-30 13:26:31 UTC
magalu-mensagens-origin.magazineluiza.com.br,magazineluiza.com.br,2026-05-15 13:26:32 UTC,2026-11-30 13:26:31 UTC
magalu-mensagens-staging.magazineluiza.com.br,,ERRO: connect:errno=0,ERRO: connect:errno=0
magalu-mensagens-temp.magazineluiza.com.br,,ERRO: timeout na conexão,ERRO: timeout na conexão
magalu-play-task-stage.magazineluiza.com.br,,ERRO: timeout na conexão,ERRO: timeout na conexão
magalu-play-task.magazineluiza.com.br,,ERRO: timeout na conexão,ERRO: timeout na conexão
magalu-site-green.magazineluiza.com.br,magazineluiza.com.br,2026-05-15 13:26:32 UTC,2026-11-30 13:26:31 UTC
magaluabordo-staging.magazineluiza.com.br,,ERRO: connect:errno=0,ERRO: connect:errno=0
magaluday.magazineluiza.com.br,,ERRO: connect:errno=0,ERRO: connect:errno=0
magaluentregas-admin-sandbox.magazineluiza.com.br,,ERRO: connect:errno=0,ERRO: connect:errno=0
magaluentregas-db.magazineluiza.com.br,,ERRO: timeout na conexão,ERRO: timeout na conexão
magaluentregas-gcp.magazineluiza.com.br,,ERRO: timeout na conexão,ERRO: timeout na conexão
magaluentregas-pre-prod.magazineluiza.com.br,,ERRO: timeout na conexão,ERRO: timeout na conexão
magaluentregas-readreplica.magazineluiza.com.br,,ERRO: timeout na conexão,ERRO: timeout na conexão
magaluexperience-origin.magazineluiza.com.br,,ERRO: timeout na conexão,ERRO: timeout na conexão
magalulog-stage.magazineluiza.com.br,*.magazineluiza.com.br,2025-05-08 00:00:00 UTC,2026-06-07 23:59:59 UTC
magalutax-api.magazineluiza.com.br,magazineluiza.com.br,2026-05-15 13:26:32 UTC,2026-11-30 13:26:31 UTC
magalutax-provider-api-ext.magazineluiza.com.br,magazineluiza.com.br,2026-05-15 13:26:32 UTC,2026-11-30 13:26:31 UTC
magalutax-provider-api-internal.magazineluiza.com.br,magazineluiza.com.br,2026-05-15 13:26:32 UTC,2026-11-30 13:26:31 UTC
magalutax-provider-api-staging-internal.magazineluiza.com.br,,ERRO: timeout na conexão,ERRO: timeout na conexão
magalutax-provider-api-staging.magazineluiza.com.br,airflow-baseball.ephemeral.zelusanalytics.com,2026-05-12 00:30:49 UTC,2026-08-10 01:25:04 UTC
magamais-api-staging.magazineluiza.com.br,,ERRO: timeout na conexão,ERRO: timeout na conexão
magamais-ben-staging.magazineluiza.com.br,,ERRO: timeout na conexão,ERRO: timeout na conexão
magamais-cache.magazineluiza.com.br,,ERRO: connect:errno=0,ERRO: connect:errno=0
magamais-eko-staging.magazineluiza.com.br,,ERRO: timeout na conexão,ERRO: timeout na conexão
magamais-flame-staging.magazineluiza.com.br,,ERRO: timeout na conexão,ERRO: timeout na conexão
magamais-flame-tmp.magazineluiza.com.br,,ERRO: timeout na conexão,ERRO: timeout na conexão
magamais-hurley-production-v2.magazineluiza.com.br,,ERRO: timeout na conexão,ERRO: timeout na conexão
magamais-hurley-staging.magazineluiza.com.br,,ERRO: timeout na conexão,ERRO: timeout na conexão
magamais-int-postsale-prod.magazineluiza.com.br,,ERRO: connect:errno=0,ERRO: connect:errno=0
magamais-int-postsale-staging.magazineluiza.com.br,,ERRO: connect:errno=0,ERRO: connect:errno=0
magamais-int-postsale.magazineluiza.com.br,,ERRO: connect:errno=0,ERRO: connect:errno=0
magamais-int-recharge-prod.magazineluiza.com.br,,ERRO: connect:errno=0,ERRO: connect:errno=0
magamais-int-recharge-staging.magazineluiza.com.br,,ERRO: connect:errno=0,ERRO: connect:errno=0
magamais-int-subscriber-prod.magazineluiza.com.br,,ERRO: connect:errno=0,ERRO: connect:errno=0
magamais-int-subscriber-staging.magazineluiza.com.br,,ERRO: connect:errno=0,ERRO: connect:errno=0
magamais-jacob-api-ts-staging.magazineluiza.com.br,,ERRO: timeout na conexão,ERRO: timeout na conexão
magamais-jacob-staging.magazineluiza.com.br,,ERRO: timeout na conexão,ERRO: timeout na conexão
magamais-lookingglass-prod.magazineluiza.com.br,,ERRO: timeout na conexão,ERRO: timeout na conexão
magamais-lookingglass-staging.magazineluiza.com.br,,ERRO: timeout na conexão,ERRO: timeout na conexão
magamais-mvno.magazineluiza.com.br,melodyvoyage2026.com,2026-04-25 07:35:46 UTC,2026-07-24 07:35:45 UTC
magamais-plintron.magazineluiza.com.br,,ERRO: timeout na conexão,ERRO: timeout na conexão
magamais-proxy-sandbox.magazineluiza.com.br,,ERRO: timeout na conexão,ERRO: timeout na conexão
magamais-swan-prod.magazineluiza.com.br,,ERRO: timeout na conexão,ERRO: timeout na conexão
magamais-swan-staging.magazineluiza.com.br,,ERRO: timeout na conexão,ERRO: timeout na conexão
magamais-swan-tmp.magazineluiza.com.br,admin.examdojo.com,2026-04-27 18:06:47 UTC,2026-07-26 19:00:20 UTC
magamais-zendesk-sandbox.magazineluiza.com.br,,ERRO: timeout na conexão,ERRO: timeout na conexão
magapatch-staging.magazineluiza.com.br,,ERRO: timeout na conexão,ERRO: timeout na conexão
magatrack-alerts-api-staging.magazineluiza.com.br,*.magazineluiza.com.br,2025-05-08 00:00:00 UTC,2026-06-07 23:59:59 UTC
magatrack-alerts-api-stg.magazineluiza.com.br,app.buytally.ai,2026-04-09 08:22:00 UTC,2026-07-08 09:16:13 UTC
magatrack-alerts-api.magazineluiza.com.br,,ERRO: timeout na conexão,ERRO: timeout na conexão
magatrack-api-internal.magazineluiza.com.br,magazineluiza.com.br,2026-05-15 13:26:32 UTC,2026-11-30 13:26:31 UTC
magatrack-api-origin.magazineluiza.com.br,magazineluiza.com.br,2026-05-15 13:26:32 UTC,2026-11-30 13:26:31 UTC
magatrack-dash.magazineluiza.com.br,,ERRO: connect:errno=0,ERRO: connect:errno=0
magatrack-origin.magazineluiza.com.br,magazineluiza.com.br,2026-05-15 13:26:32 UTC,2026-11-30 13:26:31 UTC
magatrack-production-temp.magazineluiza.com.br,,ERRO: write:errno=0,ERRO: write:errno=0
magatrack-production.magazineluiza.com.br,,ERRO: write:errno=0,ERRO: write:errno=0
magatrack-stage.magazineluiza.com.br,,ERRO: timeout na conexão,ERRO: timeout na conexão
magatrack-staging.magazineluiza.com.br,,ERRO: connect:errno=0,ERRO: connect:errno=0
magazineluiza.com.br,magazineluiza.com.br,2026-05-15 13:26:32 UTC,2026-11-30 13:26:31 UTC
magneto-sandbox.magazineluiza.com.br,,ERRO: connect:errno=0,ERRO: connect:errno=0
magneto-worker.magazineluiza.com.br,,ERRO: timeout na conexão,ERRO: timeout na conexão
magneto.magazineluiza.com.br,,ERRO: timeout na conexão,ERRO: timeout na conexão
mail._domainkey.comschool.magazineluiza.com.br,,ERRO: connect:errno=0,ERRO: connect:errno=0
mail.magazineluiza.com.br,,ERRO: timeout na conexão,ERRO: timeout na conexão
mail2._domainkey.comschool.magazineluiza.com.br,,ERRO: connect:errno=0,ERRO: connect:errno=0
mail2._domainkey.magazineluiza.com.br,,ERRO: connect:errno=0,ERRO: connect:errno=0
mailn1.magazineluiza.com.br,,ERRO: timeout na conexão,ERRO: timeout na conexão
mailn2.magazineluiza.com.br,,ERRO: timeout na conexão,ERRO: timeout na conexão
mailn3.magazineluiza.com.br,,ERRO: timeout na conexão,ERRO: timeout na conexão
malhalogistica-stage.magazineluiza.com.br,,ERRO: connect:errno=0,ERRO: connect:errno=0
mandrill._domainkey.magazineluiza.com.br,,ERRO: connect:errno=0,ERRO: connect:errno=0
margens-relger.magazineluiza.com.br,,ERRO: write:errno=0,ERRO: write:errno=0
marketplacemagalu.magazineluiza.com.br,,ERRO: connect:errno=0,ERRO: connect:errno=0
martin-prince-api-internal.magazineluiza.com.br,magazineluiza.com.br,2026-05-15 13:26:32 UTC,2026-11-30 13:26:31 UTC
martin-prince-api-mgc.magazineluiza.com.br,magazineluiza.com.br,2026-05-15 13:26:32 UTC,2026-11-30 13:26:31 UTC
martin-prince-api.magazineluiza.com.br,magazineluiza.com.br,2026-05-15 13:26:32 UTC,2026-11-30 13:26:31 UTC
martin-prince-staging.magazineluiza.com.br,,ERRO: write:errno=0,ERRO: write:errno=0
marty-api-staging-internal.magazineluiza.com.br,,ERRO: timeout na conexão,ERRO: timeout na conexão
marty-api-v2-internal.magazineluiza.com.br,magazineluiza.com.br,2026-05-15 13:26:32 UTC,2026-11-30 13:26:31 UTC
marty-api-v2-origin.magazineluiza.com.br,magazineluiza.com.br,2026-05-15 13:26:32 UTC,2026-11-30 13:26:31 UTC
marty-api-v2-origin.magazineluiza.com.brmagazineluiza.com.br,,ERRO: connect:errno=0,ERRO: connect:errno=0
marty-api-v2-stage-internal.magazineluiza.com.br,,ERRO: timeout na conexão,ERRO: timeout na conexão
marty-api-v2-stage.magazineluiza.com.br,,ERRO: write:errno=0,ERRO: write:errno=0
marvin-elasticsearch-gcp-external.magazineluiza.com.br,,ERRO: timeout na conexão,ERRO: timeout na conexão
marvin-elasticsearch-gcp-internal.magazineluiza.com.br,,ERRO: timeout na conexão,ERRO: timeout na conexão
marvin-kibana.magazineluiza.com.br,,ERRO: timeout na conexão,ERRO: timeout na conexão
mastersafdw-api.magazineluiza.com.br,magazineluiza.com.br,2026-05-15 13:26:32 UTC,2026-11-30 13:26:31 UTC
mcda.magazineluiza.com.br,,ERRO: connect:errno=0,ERRO: connect:errno=0
mcdb.magazineluiza.com.br,,ERRO: connect:errno=0,ERRO: connect:errno=0
mcqueen-carrier-admin-stage.magazineluiza.com.br,tellyourfriends.ai,2026-04-10 13:31:58 UTC,2026-07-09 14:25:31 UTC
mcqueen-worker-internal.magazineluiza.com.br,magazineluiza.com.br,2026-05-15 13:26:32 UTC,2026-11-30 13:26:31 UTC
mcqueen-worker.magazineluiza.com.br,magazineluiza.com.br,2026-05-15 13:26:32 UTC,2026-11-30 13:26:31 UTC
me-admin-api-origin.magazineluiza.com.br,mundys.desia.ai,2026-05-16 02:19:26 UTC,2026-08-14 02:19:25 UTC
me-catalog-api-origin.magazineluiza.com.br,,ERRO: write:errno=0,ERRO: write:errno=0
me-customer-behaviour-api-origin.magazineluiza.com.br,,ERRO: write:errno=0,ERRO: write:errno=0
me-products-api-origin.magazineluiza.com.br,*.wss.kami.systems,2026-04-12 02:03:34 UTC,2026-07-11 02:03:33 UTC
medialist-gcs.magazineluiza.com.br,insight.hub.app-analytic.com,2026-05-17 22:25:58 UTC,2026-08-15 23:19:32 UTC
medialist.magazineluiza.com.br,insight.hub.app-analytic.com,2026-05-17 22:25:58 UTC,2026-08-15 23:19:32 UTC
meeseeks-box-staging.magazineluiza.com.br,,ERRO: timeout na conexão,ERRO: timeout na conexão
meeseeks-box.magazineluiza.com.br,pruidlife-nprd-uat-bzc65x-az2.pruconnect.net,2025-10-10 00:00:00 UTC,2026-10-10 23:59:59 UTC
megatron-transformers-logistica-temp.magazineluiza.com.br,*.magazineluiza.com.br,2025-05-08 00:00:00 UTC,2026-06-07 23:59:59 UTC
megatron-transformers-logistica.magazineluiza.com.br,*.magazineluiza.com.br,2025-05-08 00:00:00 UTC,2026-06-07 23:59:59 UTC
mercurio-api-hml.magazineluiza.com.br,,ERRO: timeout na conexão,ERRO: timeout na conexão
mercurio-api-prod.magazineluiza.com.br,,ERRO: connect:errno=0,ERRO: connect:errno=0
mercurio-api-sandbox.magazineluiza.com.br,analytics.kasparro.com,2026-04-24 12:36:53 UTC,2026-07-23 13:31:07 UTC
mercurio-api-stage.magazineluiza.com.br,,ERRO: connect:errno=0,ERRO: connect:errno=0
metricas-resultados-comerciais.magazineluiza.com.br,,ERRO: timeout na conexão,ERRO: timeout na conexão
metricasgm.magazineluiza.com.br,,ERRO: connect:errno=0,ERRO: connect:errno=0
meuespaco-mgc-temp.magazineluiza.com.br,magazineluiza.com.br,2026-05-15 13:26:32 UTC,2026-11-30 13:26:31 UTC
mgc-ops-comercial-pricing-rabbitmq-sa.magazineluiza.com.br,,ERRO: timeout na conexão,ERRO: timeout na conexão
mgc-ops-comercial-pricing-rabbitmq.magazineluiza.com.br,,ERRO: timeout na conexão,ERRO: timeout na conexão
michelangello-worker-staging.magazineluiza.com.br,,ERRO: timeout na conexão,ERRO: timeout na conexão
micro-motor-compra-api-mgc.magazineluiza.com.br,,ERRO: timeout na conexão,ERRO: timeout na conexão
micro-motor-compra-api.magazineluiza.com.br,magazineluiza.com.br,2026-05-15 13:26:32 UTC,2026-11-30 13:26:31 UTC
micro-motor-remessa-conforme-api.magazineluiza.com.br,magazineluiza.com.br,2026-05-15 13:26:32 UTC,2026-11-30 13:26:31 UTC
micro-motor-servico-api.internal-mgc.magazineluiza.com.br,,ERRO: timeout na conexão,ERRO: timeout na conexão
micro-motor-servico-mgc.magazineluiza.com.br,,ERRO: timeout na conexão,ERRO: timeout na conexão
micro-motor-servico.magazineluiza.com.br,magazineluiza.com.br,2026-05-15 13:26:32 UTC,2026-11-30 13:26:31 UTC
micro-motor-simulador-compra-api-mgc.magazineluiza.com.br,,ERRO: timeout na conexão,ERRO: timeout na conexão
micro-motor-simulador-compra-api.internal-mgc.magazineluiza.com.br,,ERRO: timeout na conexão,ERRO: timeout na conexão
micro-motor-simulador-compra-api.internal.magazineluiza.com.br,localhost,2026-02-25 05:45:49 UTC,2038-01-19 03:14:08 UTC
micro-motor-simulador-compra-api.magazineluiza.com.br,magazineluiza.com.br,2026-05-15 13:26:32 UTC,2026-11-30 13:26:31 UTC
micro-motor-simulador-venda-api-internal-mgc.magazineluiza.com.br,,ERRO: timeout na conexão,ERRO: timeout na conexão
micro-motor-simulador-venda-api-internal.magazineluiza.com.br,magazineluiza.com.br,2026-05-15 13:26:32 UTC,2026-11-30 13:26:31 UTC
micro-motor-simulador-venda-api-mgc.magazineluiza.com.br,,ERRO: timeout na conexão,ERRO: timeout na conexão
micro-motor-simulador-venda-api.magazineluiza.com.br,magazineluiza.com.br,2026-05-15 13:26:32 UTC,2026-11-30 13:26:31 UTC
micro-motor-venda-api-mgc.magazineluiza.com.br,,ERRO: timeout na conexão,ERRO: timeout na conexão
micro-motor-venda-api-origin.magazineluiza.com.br,magazineluiza.com.br,2026-05-15 13:26:32 UTC,2026-11-30 13:26:31 UTC
micro-motor-venda-api.magazineluiza.com.br,magazineluiza.com.br,2026-05-15 13:26:32 UTC,2026-11-30 13:26:31 UTC
micro-motor-venda-balboa-api-mgc.magazineluiza.com.br,,ERRO: timeout na conexão,ERRO: timeout na conexão
micro-motor-venda-balboa-api.magazineluiza.com.br,magazineluiza.com.br,2026-05-15 13:26:32 UTC,2026-11-30 13:26:31 UTC
mike-api-gcp-staging.magazineluiza.com.br,,ERRO: timeout na conexão,ERRO: timeout na conexão
mike-api-staging.magazineluiza.com.br,,ERRO: connect:errno=0,ERRO: connect:errno=0
minhaconta-mgc-temp.magazineluiza.com.br,magazineluiza.com.br,2026-05-15 13:26:32 UTC,2026-11-30 13:26:31 UTC
minhaconta-origin.magazineluiza.com.br,magazineluiza.com.br,2026-05-15 13:26:32 UTC,2026-11-30 13:26:31 UTC
minhaconta-piloto-me.magazineluiza.com.br,,ERRO: timeout na conexão,ERRO: timeout na conexão
mini-motor-calculo-api-internal.magazineluiza.com.br,,ERRO: timeout na conexão,ERRO: timeout na conexão
mini-motor-calculo-api.magazineluiza.com.br,,ERRO: timeout na conexão,ERRO: timeout na conexão
minicd-health-check-staging.magazineluiza.com.br,,ERRO: connect:errno=0,ERRO: connect:errno=0
minicd-orders-tracking-temp.magazineluiza.com.br,*.pvt.service.konami.net,2026-05-27 00:00:00 UTC,2026-12-11 23:59:59 UTC
minicd-orders-tracking.magazineluiza.com.br,*.pvt.service.konami.net,2026-05-27 00:00:00 UTC,2026-12-11 23:59:59 UTC
minicd-tracking-tmp.magazineluiza.com.br,,ERRO: timeout na conexão,ERRO: timeout na conexão
minicd-tracking.magazineluiza.com.br,gmp-alertmanager-crdbc1-c1.hdw-prod.gcp.homedepot.com,2026-05-21 18:23:51 UTC,2026-08-19 19:18:25 UTC
mininu-origin.magazineluiza.com.br,magazineluiza.com.br,2026-05-15 13:26:32 UTC,2026-11-30 13:26:31 UTC
mininu-staging.magazineluiza.com.br,magazineluiza.com.br,2026-05-15 13:26:32 UTC,2026-11-30 13:26:31 UTC
minotauro-stage.magazineluiza.com.br,,ERRO: connect:errno=0,ERRO: connect:errno=0
minuteiro-api-internal.magazineluiza.com.br,magazineluiza.com.br,2026-05-15 13:26:32 UTC,2026-11-30 13:26:31 UTC
minuteiro-api-staging.magazineluiza.com.br,,ERRO: timeout na conexão,ERRO: timeout na conexão
minuteiro-api.magazineluiza.com.br,magazineluiza.com.br,2026-05-15 13:26:32 UTC,2026-11-30 13:26:31 UTC
minuteiro-staging.magazineluiza.com.br,,ERRO: connect:errno=0,ERRO: connect:errno=0
miranda-staging.magazineluiza.com.br,,ERRO: connect:errno=0,ERRO: connect:errno=0
miranda.magazineluiza.com.br,,ERRO: connect:errno=0,ERRO: connect:errno=0
misp.magazineluiza.com.br,*.magazineluiza.com.br,2025-05-08 00:00:00 UTC,2026-06-07 23:59:59 UTC
missaodigital-tst.magazineluiza.com.br,,ERRO: connect:errno=0,ERRO: connect:errno=0
mitose-pontos-fisicos-a.magazineluiza.com.br,,ERRO: timeout na conexão,ERRO: timeout na conexão
mitose-prod-digital-worker.magazineluiza.com.br,,ERRO: timeout na conexão,ERRO: timeout na conexão
mitose-worker-a.magazineluiza.com.br,,ERRO: timeout na conexão,ERRO: timeout na conexão
mixer-aut.magazineluiza.com.br,,ERRO: timeout na conexão,ERRO: timeout na conexão
mixer-desktop-aut.magazineluiza.com.br,,ERRO: timeout na conexão,ERRO: timeout na conexão
mixer-desktop-mgc.magazineluiza.com.br,magazineluiza.com.br,2026-05-15 13:26:32 UTC,2026-11-30 13:26:31 UTC
mixer-desktop.magazineluiza.com.br,magazineluiza.com.br,2026-05-15 13:26:32 UTC,2026-11-30 13:26:31 UTC
mixer-mobile-aut.magazineluiza.com.br,static.littleponyygames.com,2026-04-07 05:53:34 UTC,2026-07-06 06:42:44 UTC
mixer-mobile-mgc.magazineluiza.com.br,magazineluiza.com.br,2026-05-15 13:26:32 UTC,2026-11-30 13:26:31 UTC
mixer-mobile.magazineluiza.com.br,magazineluiza.com.br,2026-05-15 13:26:32 UTC,2026-11-30 13:26:31 UTC
mixer-web-mgc.magazineluiza.com.br,magazineluiza.com.br,2026-05-15 13:26:32 UTC,2026-11-30 13:26:31 UTC
mkp.magazineluiza.com.br,,ERRO: connect:errno=0,ERRO: connect:errno=0
ml-backend.magazineluiza.com.br,,ERRO: connect:errno=0,ERRO: connect:errno=0
ml-backoffice-backend-stage.magazineluiza.com.br,,ERRO: connect:errno=0,ERRO: connect:errno=0
ml-backoffice-backend.magazineluiza.com.br,,ERRO: connect:errno=0,ERRO: connect:errno=0
ml-backoffice-travel-api-stage.magazineluiza.com.br,,ERRO: connect:errno=0,ERRO: connect:errno=0
ml-backoffice-travel-api.magazineluiza.com.br,,ERRO: connect:errno=0,ERRO: connect:errno=0
ml-backoffice-travel-stage.magazineluiza.com.br,,ERRO: connect:errno=0,ERRO: connect:errno=0
ml-backoffice-travel-worker-stage.magazineluiza.com.br,,ERRO: connect:errno=0,ERRO: connect:errno=0
ml-backoffice-travel-worker.magazineluiza.com.br,,ERRO: connect:errno=0,ERRO: connect:errno=0
ml-backoffice-travel.magazineluiza.com.br,,ERRO: connect:errno=0,ERRO: connect:errno=0
ml-carriers-api-stage.magazineluiza.com.br,,ERRO: connect:errno=0,ERRO: connect:errno=0
ml-carriers-api.magazineluiza.com.br,,ERRO: connect:errno=0,ERRO: connect:errno=0
ml-hotsites.magazineluiza.com.br,,ERRO: write:errno=0,ERRO: write:errno=0
ml-locals-api.magazineluiza.com.br,,ERRO: connect:errno=0,ERRO: connect:errno=0
ml-mobile-ecomm-a.magazineluiza.com.br,,ERRO: write:errno=0,ERRO: write:errno=0
ml-mobile-mysql.magazineluiza.com.br,,ERRO: timeout na conexão,ERRO: timeout na conexão
ml-mobile-vendas-redis.magazineluiza.com.br,,ERRO: timeout na conexão,ERRO: timeout na conexão
ml-pricing-api-stage.magazineluiza.com.br,,ERRO: connect:errno=0,ERRO: connect:errno=0
ml-pricing-api.magazineluiza.com.br,,ERRO: connect:errno=0,ERRO: connect:errno=0
ml-schedule-staging.magazineluiza.com.br,,ERRO: connect:errno=0,ERRO: connect:errno=0
ml-site-cache-uol.magazineluiza.com.br,,ERRO: timeout na conexão,ERRO: timeout na conexão
ml-site.magazineluiza.com.br,magazineluiza.com.br,2026-05-15 13:26:32 UTC,2026-11-30 13:26:31 UTC
ml-static-tst.magazineluiza.com.br,,ERRO: connect:errno=0,ERRO: connect:errno=0
ml-transportplan-api-stage.magazineluiza.com.br,,ERRO: connect:errno=0,ERRO: connect:errno=0
ml-transportplan-api.magazineluiza.com.br,,ERRO: connect:errno=0,ERRO: connect:errno=0
ml-ui-importer-stage.magazineluiza.com.br,,ERRO: connect:errno=0,ERRO: connect:errno=0
ml-ui-importer.magazineluiza.com.br,,ERRO: connect:errno=0,ERRO: connect:errno=0
mlemprestimo-api-stage.magazineluiza.com.br,,ERRO: timeout na conexão,ERRO: timeout na conexão
mlemprestimo-core-stage.magazineluiza.com.br,,ERRO: connect:errno=0,ERRO: connect:errno=0
mlemprestimo-stage.magazineluiza.com.br,,ERRO: timeout na conexão,ERRO: timeout na conexão
mlemprestimo-worker-db2-mysql.magazineluiza.com.br,,ERRO: connect:errno=0,ERRO: connect:errno=0
mlentregas-admin-sandbox.magazineluiza.com.br,a93519d09ed1b5b20p-tp.prod.lookerservices.goog,2026-04-30 04:44:01 UTC,2026-07-29 05:37:34 UTC
mlentregas-admin.magazineluiza.com.br,,ERRO: timeout na conexão,ERRO: timeout na conexão
mlentregas-cache.magazineluiza.com.br,,ERRO: timeout na conexão,ERRO: timeout na conexão
mlentregas-cache01-redis-master.magazineluiza.com.br,,ERRO: connect:errno=0,ERRO: connect:errno=0
mlentregas-estimate-sandbox.magazineluiza.com.br,*.magazineluiza.com.br,2025-05-08 00:00:00 UTC,2026-06-07 23:59:59 UTC
mlentregas-quotation-cache-novo.magazineluiza.com.br,,ERRO: timeout na conexão,ERRO: timeout na conexão
mlentregas-quotation-cache.magazineluiza.com.br,,ERRO: timeout na conexão,ERRO: timeout na conexão
mlentregas-sandbox-internal.magazineluiza.com.br,*.magazineluiza.com.br,2025-05-08 00:00:00 UTC,2026-06-07 23:59:59 UTC
mlentregas-sandbox.magazineluiza.com.br,*.magazineluiza.com.br,2025-05-08 00:00:00 UTC,2026-06-07 23:59:59 UTC
mllocals-api-stage.magazineluiza.com.br,,ERRO: connect:errno=0,ERRO: connect:errno=0
mllocals-ui-api-stage.magazineluiza.com.br,,ERRO: connect:errno=0,ERRO: connect:errno=0
mlptef1pkg.magazineluiza.com.br,,ERRO: timeout na conexão,ERRO: timeout na conexão
mlsocial.magazineluiza.com.br,,ERRO: timeout na conexão,ERRO: timeout na conexão
mmc-api-origin.magazineluiza.com.br,,ERRO: timeout na conexão,ERRO: timeout na conexão
mmc-api-sandbox.magazineluiza.com.br,,ERRO: timeout na conexão,ERRO: timeout na conexão
mmc-api.magazineluiza.com.br,,ERRO: timeout na conexão,ERRO: timeout na conexão
mmc-origin.magazineluiza.com.br,bb-websocket.appier.com,2026-04-07 05:14:56 UTC,2026-07-06 05:14:55 UTC
mmc.magazineluiza.com.br,bb-websocket.appier.com,2026-04-07 05:14:56 UTC,2026-07-06 05:14:55 UTC
mms-amp-temp.magazineluiza.com.br,,ERRO: timeout na conexão,ERRO: timeout na conexão
mms-api-internal.magazineluiza.com.br,,ERRO: timeout na conexão,ERRO: timeout na conexão
mms-cache.magazineluiza.com.br,,ERRO: connect:errno=0,ERRO: connect:errno=0
mms-prerender-green.magazineluiza.com.br,private-key-service-staging.keys.gcp.admcstesting.dev,2026-05-15 02:21:05 UTC,2026-08-13 03:15:39 UTC
mms-prerender.magazineluiza.com.br,,ERRO: write:errno=0,ERRO: write:errno=0
mobile-cache01.magazineluiza.com.br,,ERRO: connect:errno=0,ERRO: connect:errno=0
mobile-cache02.magazineluiza.com.br,,ERRO: connect:errno=0,ERRO: connect:errno=0
mobile-cache03.magazineluiza.com.br,,ERRO: connect:errno=0,ERRO: connect:errno=0
mobile-cache04.magazineluiza.com.br,,ERRO: connect:errno=0,ERRO: connect:errno=0
mobile-entregas-api-origin.magazineluiza.com.br,magazineluiza.com.br,2026-05-15 13:26:32 UTC,2026-11-30 13:26:31 UTC
mobile-entregas-api-stage.magazineluiza.com.br,,ERRO: timeout na conexão,ERRO: timeout na conexão
mobile-entregas-stage.magazineluiza.com.br,*.magazineluiza.com.br,2025-05-08 00:00:00 UTC,2026-06-07 23:59:59 UTC
mobile-montadores-api-tmp.magazineluiza.com.br,34.39.156.207,2026-05-28 23:26:03 UTC,2031-05-27 23:28:03 UTC
mobile-phone-services-staging-gcp.magazineluiza.com.br,,ERRO: timeout na conexão,ERRO: timeout na conexão
mobile-phone-services-staging.magazineluiza.com.br,CloudFlare Origin Certificate,2023-10-26 11:09:00 UTC,2038-10-22 11:09:00 UTC
mobile-vendas-api-beta-mgc.magazineluiza.com.br,magazineluiza.com.br,2026-05-15 13:26:32 UTC,2026-11-30 13:26:31 UTC
mobile-vendas-api-beta.magazineluiza.com.br,magazineluiza.com.br,2026-05-15 13:26:32 UTC,2026-11-30 13:26:31 UTC
mobile-vendas-api-canary-gtw.magazineluiza.com.br,magazineluiza.com.br,2026-05-15 13:26:32 UTC,2026-11-30 13:26:31 UTC
mobile-vendas-api-canary-mgc.magazineluiza.com.br,magazineluiza.com.br,2026-05-15 13:26:32 UTC,2026-11-30 13:26:31 UTC
mobile-vendas-api-canary.magazineluiza.com.br,magazineluiza.com.br,2026-05-15 13:26:32 UTC,2026-11-30 13:26:31 UTC
mobile-vendas-api-piloto.magazineluiza.com.br,widevine-proxy.api.plive.quickplay.com,2026-05-24 06:31:07 UTC,2026-08-22 07:25:01 UTC
mobile-vendas-api-staging-gcp-x.magazineluiza.com.br,,ERRO: timeout na conexão,ERRO: timeout na conexão
mobile-vendas-api-staging-temp.magazineluiza.com.br,,ERRO: timeout na conexão,ERRO: timeout na conexão
mobile-vendas-api-staging.magazineluiza.com.br,,ERRO: connect:errno=0,ERRO: connect:errno=0
mobile-vendas-ws-java-sandbox.magazineluiza.com.br,,ERRO: timeout na conexão,ERRO: timeout na conexão
mobile-vendas-ws-java.magazineluiza.com.br,,ERRO: timeout na conexão,ERRO: timeout na conexão
moc-cupom-azeitona-internal.magazineluiza.com.br,,ERRO: timeout na conexão,ERRO: timeout na conexão
moc-cupom-azeitona-test.magazineluiza.com.br,,ERRO: timeout na conexão,ERRO: timeout na conexão
moc-cupom-campari-internal.magazineluiza.com.br,magazineluiza.com.br,2026-05-15 13:26:32 UTC,2026-11-30 13:26:31 UTC
moc-cupom-campari.magazineluiza.com.br,magazineluiza.com.br,2026-05-15 13:26:32 UTC,2026-11-30 13:26:31 UTC
moc-cupom-pghero-staging.magazineluiza.com.br,,ERRO: connect:errno=0,ERRO: connect:errno=0
moc-pricing-arquimedes-beta.magazineluiza.com.br,magazineluiza.com.br,2026-05-15 13:26:32 UTC,2026-11-30 13:26:31 UTC
moc-pricing-arquimedes-internal.magazineluiza.com.br,,ERRO: timeout na conexão,ERRO: timeout na conexão
moc-pricing-arquimedes-staging-internal.magazineluiza.com.br,,ERRO: timeout na conexão,ERRO: timeout na conexão
moc-pricing-arquimedes-staging.magazineluiza.com.br,magazineluiza.com.br,2026-05-15 13:26:32 UTC,2026-11-30 13:26:31 UTC
moc-pricing-arquimedes.magazineluiza.com.br,magazineluiza.com.br,2026-05-15 13:26:32 UTC,2026-11-30 13:26:31 UTC
moc-pricing-branch-group-staging.magazineluiza.com.br,magazineluiza.com.br,2026-05-15 13:26:32 UTC,2026-11-30 13:26:31 UTC
moc-pricing-branch-group-temp.magazineluiza.com.br,strapi.rouvy.dev,2026-05-03 02:41:56 UTC,2026-08-01 03:35:29 UTC
moc-pricing-branch-group.magazineluiza.com.br,magazineluiza.com.br,2026-05-15 13:26:32 UTC,2026-11-30 13:26:31 UTC
moc-pricing-general-internal.magazineluiza.com.br,,ERRO: timeout na conexão,ERRO: timeout na conexão
moc-pricing-general-staging.magazineluiza.com.br,magazineluiza.com.br,2026-05-15 13:26:32 UTC,2026-11-30 13:26:31 UTC
moc-pricing-general.magazineluiza.com.br,magazineluiza.com.br,2026-05-15 13:26:32 UTC,2026-11-30 13:26:31 UTC
moc-pricing-manager-margin-staging.magazineluiza.com.br,,ERRO: timeout na conexão,ERRO: timeout na conexão
moc-pricing-manager-margin-temp.magazineluiza.com.br,deliverycapacityengine.stg-srcoptimization.gcp.homedepot.com,2026-04-25 03:09:59 UTC,2026-07-24 04:03:53 UTC
moc-pricing-manager-margin.magazineluiza.com.br,magazineluiza.com.br,2026-05-15 13:26:32 UTC,2026-11-30 13:26:31 UTC
moc-pricing-pghero-staging.magazineluiza.com.br,,ERRO: connect:errno=0,ERRO: connect:errno=0
moc-pricing-prices-internal.magazineluiza.com.br,,ERRO: timeout na conexão,ERRO: timeout na conexão
moc-pricing-prices-staging-internal.magazineluiza.com.br,,ERRO: timeout na conexão,ERRO: timeout na conexão
moc-pricing-prices-staging.magazineluiza.com.br,,ERRO: timeout na conexão,ERRO: timeout na conexão
moc-pricing-prices-temp.magazineluiza.com.br,,ERRO: timeout na conexão,ERRO: timeout na conexão
moc-pricing-prices.magazineluiza.com.br,magazineluiza.com.br,2026-05-15 13:26:32 UTC,2026-11-30 13:26:31 UTC
moc-pricing-product-situation-internal.magazineluiza.com.br,,ERRO: timeout na conexão,ERRO: timeout na conexão
moc-pricing-product-situation-staging-internal.magazineluiza.com.br,,ERRO: timeout na conexão,ERRO: timeout na conexão
moc-pricing-product-situation-staging.magazineluiza.com.br,magazineluiza.com.br,2026-05-15 13:26:32 UTC,2026-11-30 13:26:31 UTC
moc-pricing-product-situation-temp.magazineluiza.com.br,,ERRO: timeout na conexão,ERRO: timeout na conexão
moc-pricing-product-situation.magazineluiza.com.br,magazineluiza.com.br,2026-05-15 13:26:32 UTC,2026-11-30 13:26:31 UTC
moderna.magazineluiza.com.br,nrgbuilt.com,2026-03-28 03:17:53 UTC,2026-06-26 04:13:47 UTC
mongo01-precocerto.magazineluiza.com.br,,ERRO: timeout na conexão,ERRO: timeout na conexão
mongo02-precocerto.magazineluiza.com.br,,ERRO: timeout na conexão,ERRO: timeout na conexão
mongo1.arcoiro.magazineluiza.com.br,,ERRO: timeout na conexão,ERRO: timeout na conexão
mongo2.arcoiro.magazineluiza.com.br,,ERRO: timeout na conexão,ERRO: timeout na conexão
mongo3.arcoiro.magazineluiza.com.br,,ERRO: timeout na conexão,ERRO: timeout na conexão
mongo4.arcoiro.magazineluiza.com.br,,ERRO: timeout na conexão,ERRO: timeout na conexão
mongo5.arcoiro.magazineluiza.com.br,,ERRO: timeout na conexão,ERRO: timeout na conexão
monitorfiscal-server.magazineluiza.com.br,magazineluiza.com.br,2026-05-15 13:26:32 UTC,2026-11-30 13:26:31 UTC
montadores.magazineluiza.com.br,34.39.156.207,2026-05-28 23:26:03 UTC,2031-05-27 23:28:03 UTC
montadoreshml.magazineluiza.com.br,,ERRO: timeout na conexão,ERRO: timeout na conexão
motor-nfse-webapp.magazineluiza.com.br,magazineluiza.com.br,2026-05-15 13:26:32 UTC,2026-11-30 13:26:31 UTC
mrwilson-hf-api-staging-gcp.magazineluiza.com.br,,ERRO: timeout na conexão,ERRO: timeout na conexão
mrwilson-hf-api.magazineluiza.com.br,magazineluiza.com.br,2026-05-15 13:26:32 UTC,2026-11-30 13:26:31 UTC
mrwilson-hf-api.magazineluiza.com.brmagazineluiza.com.br,,ERRO: timeout na conexão,ERRO: timeout na conexão
mrwilson-staging.magazineluiza.com.br,,ERRO: timeout na conexão,ERRO: timeout na conexão
mrwilson.magazineluiza.com.br,www.dms.bounceshare.com,2026-05-02 20:59:02 UTC,2026-07-31 21:53:16 UTC
ms-servicos-gateway-origin.magazineluiza.com.br,magazineluiza.com.br,2026-05-15 13:26:32 UTC,2026-11-30 13:26:31 UTC
msymeqvwpindqrrf34ge7wcncskoy3hl._domainkey.magazineluiza.com.br,,ERRO: timeout na conexão,ERRO: timeout na conexão
mtest.magazineluiza.com.br,,ERRO: connect:errno=0,ERRO: connect:errno=0
mufasa-safx-api.magazineluiza.com.br,magazineluiza.com.br,2026-05-15 13:26:32 UTC,2026-11-30 13:26:31 UTC
mufasa.magazineluiza.com.br,magazineluiza.com.br,2026-05-15 13:26:32 UTC,2026-11-30 13:26:31 UTC
multicanal.magazineluiza.com.br,*.magazineluiza.com.br,2024-06-06 00:00:00 UTC,2025-07-06 23:59:59 UTC
multitef.magazineluiza.com.br,magazineluiza.com.br,2026-05-15 13:26:32 UTC,2026-11-30 13:26:31 UTC
museuvivo-acervo-origin.magazineluiza.com.br,*.magazineluiza.com.br,2025-05-08 00:00:00 UTC,2026-06-07 23:59:59 UTC
museuvivo-adm-origin.magazineluiza.com.br,*.magazineluiza.com.br,2025-05-08 00:00:00 UTC,2026-06-07 23:59:59 UTC
museuvivo-administracao-origin.magazineluiza.com.br,*.magazineluiza.com.br,2025-05-08 00:00:00 UTC,2026-06-07 23:59:59 UTC
museuvivo-carga.magazineluiza.com.br,*.magazineluiza.com.br,2025-05-08 00:00:00 UTC,2026-06-07 23:59:59 UTC
museuvivo-curadoria-origin.magazineluiza.com.br,*.magazineluiza.com.br,2025-05-08 00:00:00 UTC,2026-06-07 23:59:59 UTC
museuvivo.magazineluiza.com.br,*.magazineluiza.com.br,2025-05-08 00:00:00 UTC,2026-06-07 23:59:59 UTC
mvc-search.magazineluiza.com.br,,ERRO: connect:errno=0,ERRO: connect:errno=0
n2tools.magazineluiza.com.br,magazineluiza.com.br,2026-05-15 13:26:32 UTC,2026-11-30 13:26:31 UTC
n7rwtsgq6fsfrroxzakbwnxrvjturv6j._domainkey.magazineluiza.com.br,,ERRO: timeout na conexão,ERRO: timeout na conexão
n8n-automacao-main-stage.magazineluiza.com.br,magazineluiza.com.br,2026-05-15 13:26:32 UTC,2026-11-30 13:26:31 UTC
nami-api-stage.magazineluiza.com.br,,ERRO: timeout na conexão,ERRO: timeout na conexão
nami-api.magazineluiza.com.br,magazineluiza.com.br,2026-05-15 13:26:32 UTC,2026-11-30 13:26:31 UTC
nanicolina-api-gcp.magazineluiza.com.br,magazineluiza.com.br,2026-05-15 13:26:32 UTC,2026-11-30 13:26:31 UTC
nanicolina-api-staging.magazineluiza.com.br,lb-dev.babel.biz,2026-05-15 20:16:26 UTC,2026-08-13 21:10:40 UTC
nanicolina-staging.magazineluiza.com.br,,ERRO: connect:errno=0,ERRO: connect:errno=0
nanicolina-teste.magazineluiza.com.br,fingerprint.mubert.xyz,2026-05-28 02:04:34 UTC,2026-08-26 02:57:06 UTC
nao-responda.magazineluiza.com.br,,ERRO: connect:errno=0,ERRO: connect:errno=0
nao-responda\100magazineluiza.com.brmagazineluiza.com.br,,ERRO: timeout na conexão,ERRO: timeout na conexão
nazare-sandbox.magazineluiza.com.br,,ERRO: timeout na conexão,ERRO: timeout na conexão
ne2jcyct3oley4reoybz53o2mxvaqnon._domainkey.magazineluiza.com.br,,ERRO: connect:errno=0,ERRO: connect:errno=0
nebula-coast-api-sandbox.magazineluiza.com.br,,ERRO: timeout na conexão,ERRO: timeout na conexão
nebula-coast-api.magazineluiza.com.br,api.qa.theculture.house,2026-04-15 17:27:14 UTC,2026-07-14 18:21:47 UTC
nebula-coast-sandbox.magazineluiza.com.br,,ERRO: timeout na conexão,ERRO: timeout na conexão
ned-flanders-api-stage-internal.magazineluiza.com.br,magazineluiza.com.br,2026-05-15 13:26:32 UTC,2026-11-30 13:26:31 UTC
ned-flanders-api.magazineluiza.com.br,magazineluiza.com.br,2026-05-15 13:26:32 UTC,2026-11-30 13:26:31 UTC
negotiation-api-staging.magazineluiza.com.br,,ERRO: timeout na conexão,ERRO: timeout na conexão
negotiation-api.magazineluiza.com.br,*.magazineluiza.com.br,2025-05-08 00:00:00 UTC,2026-06-07 23:59:59 UTC
nelore-api-internal.magazineluiza.com.br,,ERRO: timeout na conexão,ERRO: timeout na conexão
nelore-api-staging.magazineluiza.com.br,,ERRO: timeout na conexão,ERRO: timeout na conexão
nelore-api-tmp-gke.magazineluiza.com.br,,ERRO: timeout na conexão,ERRO: timeout na conexão
nelore-api.magazineluiza.com.br,baas-webhook-dev11.rvcsxnvtqisc-dev.dena-takasho.com,2026-05-01 16:56:22 UTC,2026-07-30 17:50:16 UTC
nerole-api-public-tmp-gke.magazineluiza.com.br,prosir.better-fs.de,2026-04-16 07:38:25 UTC,2026-07-15 08:32:17 UTC
neuman.magazineluiza.com.br,,ERRO: timeout na conexão,ERRO: timeout na conexão
newrelic-dotnetcore-staging.magazineluiza.com.br,,ERRO: connect:errno=0,ERRO: connect:errno=0
newsletter.magazineluiza.com.br,,ERRO: timeout na conexão,ERRO: timeout na conexão
newtv.magazineluiza.com.br,,ERRO: connect:errno=0,ERRO: connect:errno=0
nfe-approval-api-internal.magazineluiza.com.br,,ERRO: timeout na conexão,ERRO: timeout na conexão
nfe-producer-api-internal-mgc.magazineluiza.com.br,,ERRO: timeout na conexão,ERRO: timeout na conexão
nfe-producer-api-internal.magazineluiza.com.br,magazineluiza.com.br,2026-05-15 13:26:32 UTC,2026-11-30 13:26:31 UTC
nfe-producer-api-stage-internal.magazineluiza.com.br,,ERRO: timeout na conexão,ERRO: timeout na conexão
nfe-producer-api-stage.magazineluiza.com.br,,ERRO: timeout na conexão,ERRO: timeout na conexão
nfe-producer-api.magazineluiza.com.br,magazineluiza.com.br,2026-05-15 13:26:32 UTC,2026-11-30 13:26:31 UTC
nfe-provedor-imposto-api-staging.magazineluiza.com.br,,ERRO: timeout na conexão,ERRO: timeout na conexão
nfe-provedor-imposto-api.magazineluiza.com.br,dev.dine.app,2026-05-12 16:20:48 UTC,2026-08-10 17:15:21 UTC
nfe-provedor-imposto-tax-staging.magazineluiza.com.br,,ERRO: timeout na conexão,ERRO: timeout na conexão
nfe-provider-api-stage.magazineluiza.com.br,,ERRO: timeout na conexão,ERRO: timeout na conexão
nginx.magazineluiza.com.br,,ERRO: connect:errno=0,ERRO: connect:errno=0
nico-robin-api-internal.magazineluiza.com.br,magazineluiza.com.br,2026-05-15 13:26:32 UTC,2026-11-30 13:26:31 UTC
nico-robin-api-stage.magazineluiza.com.br,,ERRO: timeout na conexão,ERRO: timeout na conexão
nico-robin-api.magazineluiza.com.br,magazineluiza.com.br,2026-05-15 13:26:32 UTC,2026-11-30 13:26:31 UTC
nino-gcp-k8s-magalu-cliente.magazineluiza.com.br,,ERRO: timeout na conexão,ERRO: timeout na conexão
nino-sandbox.magazineluiza.com.br,,ERRO: timeout na conexão,ERRO: timeout na conexão
nino.magazineluiza.com.br,,ERRO: timeout na conexão,ERRO: timeout na conexão
nomad-temp.magazineluiza.com.br,app.dev.onwardops.org,2026-04-11 15:55:20 UTC,2026-07-10 16:49:54 UTC
nomad-tmp.magazineluiza.com.br,,ERRO: timeout na conexão,ERRO: timeout na conexão
nomad.magazineluiza.com.br,magazineluiza.com.br,2026-05-15 13:26:32 UTC,2026-11-30 13:26:31 UTC
noturno-api-hml.magazineluiza.com.br,,ERRO: timeout na conexão,ERRO: timeout na conexão
noturno-api-origin.magazineluiza.com.br,magazineluiza.com.br,2026-05-15 13:26:32 UTC,2026-11-30 13:26:31 UTC
noturno-api-temp.magazineluiza.com.br,netprobe-ail-it.cybersecservices.io,2026-05-17 07:49:30 UTC,2026-08-15 08:42:04 UTC
noturno-hml.magazineluiza.com.br,,ERRO: connect:errno=0,ERRO: connect:errno=0
noturno-pilot.magazineluiza.com.br,,ERRO: connect:errno=0,ERRO: connect:errno=0
noturno.magazineluiza.com.br,,ERRO: connect:errno=0,ERRO: connect:errno=0
novidades.magaluads.magazineluiza.com.br,,ERRO: connect:errno=0,ERRO: connect:errno=0
novidades.magazineluiza.com.br,,ERRO: connect:errno=0,ERRO: connect:errno=0
novidades2.magazineluiza.com.br,,ERRO: connect:errno=0,ERRO: connect:errno=0
npm-registry-staging.magazineluiza.com.br,,ERRO: timeout na conexão,ERRO: timeout na conexão
npm-registry.magazineluiza.com.br,*.magazineluiza.com.br,2025-05-08 00:00:00 UTC,2026-06-07 23:59:59 UTC
nsmaster.magazineluiza.com.br,,ERRO: timeout na conexão,ERRO: timeout na conexão
nsslave.magazineluiza.com.br,,ERRO: timeout na conexão,ERRO: timeout na conexão
nx-staging.magazineluiza.com.br,,ERRO: timeout na conexão,ERRO: timeout na conexão
oascentral.magazineluiza.com.br,,ERRO: connect:errno=0,ERRO: connect:errno=0
ocorrenciaoperacional.magazineluiza.com.br,,ERRO: timeout na conexão,ERRO: timeout na conexão
odin-api-staging.magazineluiza.com.br,*.dcco.corp.e-redes.pt,2026-03-25 00:00:00 UTC,2026-10-09 23:59:59 UTC
odin-sandbox-main.magazineluiza.com.br,,ERRO: timeout na conexão,ERRO: timeout na conexão
oebs-admin-api.magazineluiza.com.br,magazineluiza.com.br,2026-05-15 13:26:32 UTC,2026-11-30 13:26:31 UTC
oebs-api-internal.magazineluiza.com.br,magazineluiza.com.br,2026-05-15 13:26:32 UTC,2026-11-30 13:26:31 UTC
oebs-api-origin.magazineluiza.com.br,magazineluiza.com.br,2026-05-15 13:26:32 UTC,2026-11-30 13:26:31 UTC
oebs-api-staging-staging.magazineluiza.com.br,,ERRO: timeout na conexão,ERRO: timeout na conexão
oebs-api-staging.magazineluiza.com.brmagazineluiza.com.br,,ERRO: connect:errno=0,ERRO: connect:errno=0
oebs-ar-staging.magazineluiza.com.br,,ERRO: timeout na conexão,ERRO: timeout na conexão
oebs-property.magazineluiza.com.br,magazineluiza.com.br,2026-05-15 13:26:32 UTC,2026-11-30 13:26:31 UTC
oebs-ri-staging.magazineluiza.com.br,,ERRO: timeout na conexão,ERRO: timeout na conexão
oinzuvolxam3mhyycislfaaecmcyrxfk._domainkey.cob.magazineluiza.com.br,,ERRO: connect:errno=0,ERRO: connect:errno=0
old-mail.magazineluiza.com.br,,ERRO: timeout na conexão,ERRO: timeout na conexão
om-api-origin.magazineluiza.com.br,magazineluiza.com.br,2026-05-15 13:26:32 UTC,2026-11-30 13:26:31 UTC
omnichannel-cerebro-lu-hml-origin.magazineluiza.com.br,magazineluiza.com.br,2026-05-15 13:26:32 UTC,2026-11-30 13:26:31 UTC
onboarding-mpay-staging.magazineluiza.com.br,,ERRO: timeout na conexão,ERRO: timeout na conexão
onboarding-mpay.magazineluiza.com.br,,ERRO: timeout na conexão,ERRO: timeout na conexão
onprem.magazineluiza.com.br,,ERRO: connect:errno=0,ERRO: connect:errno=0
operacao-bumerangue.magazineluiza.com.br,,ERRO: connect:errno=0,ERRO: connect:errno=0
optimusprime-backend-gcp.magazineluiza.com.br,*.magazineluiza.com.br,2025-05-08 00:00:00 UTC,2026-06-07 23:59:59 UTC
optimusprime-backend-logistica-temp.magazineluiza.com.br,*.magazineluiza.com.br,2025-05-08 00:00:00 UTC,2026-06-07 23:59:59 UTC
optimusprime-backend.magazineluiza.com.br,*.magazineluiza.com.br,2025-05-08 00:00:00 UTC,2026-06-07 23:59:59 UTC
optimusprime-integration-worker-stage.magazineluiza.com.br,,ERRO: timeout na conexão,ERRO: timeout na conexão
orangebox-staging.magazineluiza.com.br,,ERRO: connect:errno=0,ERRO: connect:errno=0
orangebox.magazineluiza.com.br,,ERRO: connect:errno=0,ERRO: connect:errno=0
order-management-api-origin.magazineluiza.com.br,167554945.asia-southeast1-163673330397.vdb.vertexai.goog,2026-04-27 08:21:02 UTC,2026-07-26 09:12:53 UTC
order-supply-api-staging.magazineluiza.com.br,,ERRO: connect:errno=0,ERRO: connect:errno=0
order-supply-api.magazineluiza.com.br,,ERRO: connect:errno=0,ERRO: connect:errno=0
ordersupply-mongodb-arb.magazineluiza.com.br,,ERRO: timeout na conexão,ERRO: timeout na conexão
ordersupply-mongodb-rs01.magazineluiza.com.br,,ERRO: timeout na conexão,ERRO: timeout na conexão
ordersupply-mongodb-rs02.magazineluiza.com.br,,ERRO: timeout na conexão,ERRO: timeout na conexão
organization-api-mgc.magazineluiza.com.br,magazineluiza.com.br,2026-05-15 13:26:32 UTC,2026-11-30 13:26:31 UTC
organization-api-sandbox.magazineluiza.com.br,,ERRO: timeout na conexão,ERRO: timeout na conexão
organization-api.magazineluiza.com.br,magazineluiza.com.br,2026-05-15 13:26:32 UTC,2026-11-30 13:26:31 UTC
organization-platform-api-staging.magazineluiza.com.br,,ERRO: timeout na conexão,ERRO: timeout na conexão
origin-aba-autosupply-hml.magazineluiza.com.br,,ERRO: timeout na conexão,ERRO: timeout na conexão
origin-api-search-product.magazineluiza.com.br,,ERRO: timeout na conexão,ERRO: timeout na conexão
origin-api-ura.magazineluiza.com.br,,ERRO: timeout na conexão,ERRO: timeout na conexão
origin-api.magazineluiza.magazineluiza.com.br,*.magazineluiza.com.br,2025-05-08 00:00:00 UTC,2026-06-07 23:59:59 UTC
origin-avengers-af-valkyrie-api.magazineluiza.com.br,,ERRO: timeout na conexão,ERRO: timeout na conexão
origin-batuta-api.magazineluiza.com.br,magazineluiza.com.br,2026-05-15 13:26:32 UTC,2026-11-30 13:26:31 UTC
origin-bob-esponja.magazineluiza.com.br,magazineluiza.com.br,2026-05-15 13:26:32 UTC,2026-11-30 13:26:31 UTC
origin-cache-stress-test-mgc.magazineluiza.com.br,,ERRO: timeout na conexão,ERRO: timeout na conexão
origin-caipirinha-app-prd.magazineluiza.com.br,magazineluiza.com.br,2026-05-15 13:26:32 UTC,2026-11-30 13:26:31 UTC
origin-captive-wifi-lojas.magazineluiza.com.br,,ERRO: timeout na conexão,ERRO: timeout na conexão
origin-cat42-staging.magazineluiza.com.br,,ERRO: timeout na conexão,ERRO: timeout na conexão
origin-chatbot-api-us-sqautomacao.magazineluiza.com.br,CloudFlare Origin Certificate,2025-05-17 20:30:00 UTC,2040-05-13 20:30:00 UTC
origin-checkout-admin-app.magazineluiza.com.br,magazineluiza.com.br,2026-05-15 13:26:32 UTC,2026-11-30 13:26:31 UTC
origin-comic-guy-api.magazineluiza.com.br,,ERRO: timeout na conexão,ERRO: timeout na conexão
origin-dados-ura-antiga.magazineluiza.com.br,*.pre-prod.br-ne-1.jaxyendy.com,2026-05-21 12:46:54 UTC,2026-08-19 12:46:53 UTC
origin-deckard-search-api-gcp.magazineluiza.com.br,,ERRO: timeout na conexão,ERRO: timeout na conexão
origin-desplojas.magazineluiza.com.br,magazineluiza.com.br,2026-05-15 13:26:32 UTC,2026-11-30 13:26:31 UTC
origin-eaceites-admin-staging.magazineluiza.com.br,,ERRO: timeout na conexão,ERRO: timeout na conexão
origin-eaceites.magazineluiza.com.br,magazineluiza.com.br,2026-05-15 13:26:32 UTC,2026-11-30 13:26:31 UTC
origin-employees.magazineluiza.com.br,magazineluiza.com.br,2026-05-15 13:26:32 UTC,2026-11-30 13:26:31 UTC
origin-empresas-b2b.magazineluiza.com.br,luizalabs.com,2026-05-06 19:03:42 UTC,2026-11-21 19:03:41 UTC
origin-faturadasorte.magazineluiza.com.br,,ERRO: timeout na conexão,ERRO: timeout na conexão
origin-faturamento-front.magazineluiza.com.br,e73d771095cb1fce0-tp.dev.lookerservices.goog,2026-04-19 14:20:20 UTC,2026-07-18 15:15:34 UTC
origin-gestao-cheques-staging.magazineluiza.com.br,magazineluiza.com.br,2026-05-15 13:26:32 UTC,2026-11-30 13:26:31 UTC
origin-gestaoativos.magazineluiza.com.br,magazineluiza.com.br,2026-05-15 13:26:32 UTC,2026-11-30 13:26:31 UTC
origin-heimdall.magazineluiza.com.br,magazineluiza.com.br,2026-05-15 13:26:32 UTC,2026-11-30 13:26:31 UTC
origin-hermes-api.magazineluiza.com.br,magazineluiza.com.br,2026-05-15 13:26:32 UTC,2026-11-30 13:26:31 UTC
origin-inbound-bff.magazineluiza.com.br,magazineluiza.com.br,2026-05-15 13:26:32 UTC,2026-11-30 13:26:31 UTC
origin-integradorhr-staging.magazineluiza.com.br,magazineluiza.com.br,2026-05-15 13:26:32 UTC,2026-11-30 13:26:31 UTC
origin-kirk-api.magazineluiza.com.br,magazineluiza.com.br,2026-05-15 13:26:32 UTC,2026-11-30 13:26:31 UTC
origin-maga-cdn-app2.magazineluiza.com.br,,ERRO: timeout na conexão,ERRO: timeout na conexão
origin-maga-cdn.magazineluiza.com.br,,ERRO: timeout na conexão,ERRO: timeout na conexão
origin-magalog.magazineluiza.com.br,magazineluiza.com.br,2026-05-15 13:26:32 UTC,2026-11-30 13:26:31 UTC
origin-magalu-pergunta-api.magazineluiza.com.br,magazineluiza.com.br,2026-05-15 13:26:32 UTC,2026-11-30 13:26:31 UTC
origin-meuespaco-piloto.magazineluiza.com.br,magazineluiza.com.br,2026-05-15 13:26:32 UTC,2026-11-30 13:26:31 UTC
origin-meuespaco.magazineluiza.com.br,magazineluiza.com.br,2026-05-15 13:26:32 UTC,2026-11-30 13:26:31 UTC
origin-minhaconta-piloto.magazineluiza.com.br,magazineluiza.com.br,2026-05-15 13:26:32 UTC,2026-11-30 13:26:31 UTC
origin-mlink.magazineluiza.com.br,magazineluiza.com.br,2026-05-15 13:26:32 UTC,2026-11-30 13:26:31 UTC
origin-mms-api.magazineluiza.com.br,img2.mariadatesmail.com,2026-05-12 10:29:34 UTC,2026-08-10 11:22:07 UTC
origin-mobile-entregas.magazineluiza.com.br,magazineluiza.com.br,2026-05-15 13:26:32 UTC,2026-11-30 13:26:31 UTC
origin-pagamento-bucket.magazineluiza.com.br,magazineluiza.com.br,2026-05-15 13:26:32 UTC,2026-11-30 13:26:31 UTC
origin-pagamento.magazineluiza.com.br,magazineluiza.com.br,2026-05-15 13:26:32 UTC,2026-11-30 13:26:31 UTC
origin-platcob-stage.magazineluiza.com.br,magazineluiza.com.br,2026-05-15 13:26:32 UTC,2026-11-30 13:26:31 UTC
origin-portal-saber.magazineluiza.com.br,magazineluiza.com.br,2026-05-15 13:26:32 UTC,2026-11-30 13:26:31 UTC
origin-quartz-api.magazineluiza.com.br,magazineluiza.com.br,2026-05-15 13:26:32 UTC,2026-11-30 13:26:31 UTC
origin-quero-de-casamento-static-staging.magazineluiza.com.br,,ERRO: timeout na conexão,ERRO: timeout na conexão
origin-quero-de-casamento-static.magazineluiza.com.br,627267065.us-central1-1089074562226.vdb.vertexai.goog,2026-05-06 12:56:53 UTC,2026-08-04 13:50:46 UTC
origin-rastreamento.magazineluiza.com.br,magazineluiza.com.br,2026-05-15 13:26:32 UTC,2026-11-30 13:26:31 UTC
origin-realidadeaumentada.magazineluiza.com.br,magazineluiza.com.br,2026-05-15 13:26:32 UTC,2026-11-30 13:26:31 UTC
origin-reed-web-stage.magazineluiza.com.br,magazineluiza.com.br,2026-05-15 13:26:32 UTC,2026-11-30 13:26:31 UTC
origin-reed.magazineluiza.com.br,magazineluiza.com.br,2026-05-15 13:26:32 UTC,2026-11-30 13:26:31 UTC
origin-requiem.magazineluiza.com.br,magazineluiza.com.br,2026-05-15 13:26:32 UTC,2026-11-30 13:26:31 UTC
origin-sancho-api-pilot.magazineluiza.com.br,magazineluiza.com.br,2026-05-15 13:26:32 UTC,2026-11-30 13:26:31 UTC
origin-sancho-api.magazineluiza.com.br,magazineluiza.com.br,2026-05-15 13:26:32 UTC,2026-11-30 13:26:31 UTC
origin-sancho-pilot.magazineluiza.com.br,magazineluiza.com.br,2026-05-15 13:26:32 UTC,2026-11-30 13:26:31 UTC
origin-sancho.magazineluiza.com.br,,ERRO: timeout na conexão,ERRO: timeout na conexão
origin-saturi-front.magazineluiza.com.br,magazineluiza.com.br,2026-05-15 13:26:32 UTC,2026-11-30 13:26:31 UTC
origin-saturi.magazineluiza.com.br,magazineluiza.com.br,2026-05-15 13:26:32 UTC,2026-11-30 13:26:31 UTC
origin-schedule-fulfillment-api.magazineluiza.com.br,magazineluiza.com.br,2026-05-15 13:26:32 UTC,2026-11-30 13:26:31 UTC
origin-schedule-fulfillment.magazineluiza.com.br,,ERRO: connect:errno=11,ERRO: connect:errno=11
origin-segunda-via-nota-stage.magazineluiza.com.br,thetimberyarddeptford.com,2026-05-24 10:40:00 UTC,2026-08-22 11:35:55 UTC
origin-servicos-gateway.magazineluiza.com.br,adobe.cxapp.io,2026-05-13 23:30:01 UTC,2026-08-12 00:25:56 UTC
origin-siscob.magazineluiza.com.br,magazineluiza.com.br,2026-05-15 13:26:32 UTC,2026-11-30 13:26:31 UTC
origin-spock.magazineluiza.com.br,magazineluiza.com.br,2026-05-15 13:26:32 UTC,2026-11-30 13:26:31 UTC
origin-sylvester.magazineluiza.com.br,magazineluiza.com.br,2026-05-15 13:26:32 UTC,2026-11-30 13:26:31 UTC
origin-v1-b2b-blue.magazineluiza.com.br,,ERRO: timeout na conexão,ERRO: timeout na conexão
origin-v1-b2b-green.magazineluiza.com.br,,ERRO: connect:errno=0,ERRO: connect:errno=0
origin-xavier-api.magazineluiza.com.br,magazineluiza.com.br,2026-05-15 13:26:32 UTC,2026-11-30 13:26:31 UTC
origin.magazineluiza.com.br,,ERRO: timeout na conexão,ERRO: timeout na conexão
orochi-api-callback-staging.magazineluiza.com.br,,ERRO: timeout na conexão,ERRO: timeout na conexão
orochi-api-internal.magazineluiza.com.br,magazineluiza.com.br,2026-05-15 13:26:32 UTC,2026-11-30 13:26:31 UTC
orochi-api-staging.magazineluiza.com.br,,ERRO: timeout na conexão,ERRO: timeout na conexão
orochi-api.magazineluiza.com.br,magazineluiza.com.br,2026-05-15 13:26:32 UTC,2026-11-30 13:26:31 UTC
orochi-callback-api-internal.magazineluiza.com.br,magazineluiza.com.br,2026-05-15 13:26:32 UTC,2026-11-30 13:26:31 UTC
orochi-callback-api-staging.magazineluiza.com.br,,ERRO: timeout na conexão,ERRO: timeout na conexão
orochi-callback-api.magazineluiza.com.br,magazineluiza.com.br,2026-05-15 13:26:32 UTC,2026-11-30 13:26:31 UTC
orochi-mdfe-api-staging.magazineluiza.com.br,,ERRO: timeout na conexão,ERRO: timeout na conexão
orochi-mdfe-api.magazineluiza.com.br,magazineluiza.com.br,2026-05-15 13:26:32 UTC,2026-11-30 13:26:31 UTC
orochi-mdfe-callback-api-staging.magazineluiza.com.br,,ERRO: timeout na conexão,ERRO: timeout na conexão
orochi-mdfe-callback-api.magazineluiza.com.br,magazineluiza.com.br,2026-05-15 13:26:32 UTC,2026-11-30 13:26:31 UTC
otif-schedule-staging.magazineluiza.com.br,,ERRO: timeout na conexão,ERRO: timeout na conexão
otif-stage.magazineluiza.com.br,,ERRO: timeout na conexão,ERRO: timeout na conexão
owa.magazineluiza.com.br,,ERRO: timeout na conexão,ERRO: timeout na conexão
owasp.magazineluiza.com.br,,ERRO: timeout na conexão,ERRO: timeout na conexão
p36-catalog-cache.magazineluiza.com.br,,ERRO: connect:errno=0,ERRO: connect:errno=0
p36-catalog-db.magazineluiza.com.br,,ERRO: connect:errno=0,ERRO: connect:errno=0
p36-catalog-staging.magazineluiza.com.br,,ERRO: timeout na conexão,ERRO: timeout na conexão
p36-catalog.magazineluiza.com.br,,ERRO: connect:errno=0,ERRO: connect:errno=0
p36-esqueleto-staging.magazineluiza.com.br,,ERRO: connect:errno=0,ERRO: connect:errno=0
p36-frontend-landing-staging-gcp.magazineluiza.com.br,,ERRO: timeout na conexão,ERRO: timeout na conexão
p36-frontend-staging-gcp.magazineluiza.com.br,,ERRO: timeout na conexão,ERRO: timeout na conexão
p36-marketplace-staging-gcp.magazineluiza.com.br,,ERRO: timeout na conexão,ERRO: timeout na conexão
p36-marketplace-staging.magazineluiza.com.br,,ERRO: connect:errno=0,ERRO: connect:errno=0
p36-marketplace.magazineluiza.com.br,,ERRO: connect:errno=0,ERRO: connect:errno=0
p36-score-staging.magazineluiza.com.br,,ERRO: timeout na conexão,ERRO: timeout na conexão
p36-staging-gcp.magazineluiza.com.br,,ERRO: timeout na conexão,ERRO: timeout na conexão
p36-stalker-stage.magazineluiza.com.br,,ERRO: timeout na conexão,ERRO: timeout na conexão
p52-internal.magazineluiza.com.br,,ERRO: timeout na conexão,ERRO: timeout na conexão
p52-tst.magazineluiza.com.br,,ERRO: connect:errno=0,ERRO: connect:errno=0
p5nb2iyphjq4sfoygozx6hmeqok443ti._domainkey.magazineluiza.com.br,,ERRO: connect:errno=0,ERRO: connect:errno=0
pacemaker-api.magazineluiza.com.br,,ERRO: timeout na conexão,ERRO: timeout na conexão
packing-list-api.magazineluiza.com.br,magazineluiza.com.br,2026-05-15 13:26:32 UTC,2026-11-30 13:26:31 UTC
packing-list-staging.magazineluiza.com.br,,ERRO: timeout na conexão,ERRO: timeout na conexão
packinglist-staging.magazineluiza.com.br,,ERRO: connect:errno=0,ERRO: connect:errno=0
pagamento-api-internal.magazineluiza.com.br,magazineluiza.com.br,2026-05-15 13:26:32 UTC,2026-11-30 13:26:31 UTC
pagamento-cartao-staging.magazineluiza.com.br,,ERRO: timeout na conexão,ERRO: timeout na conexão
pagfrete-cadastro-internal.magazineluiza.com.br,magazineluiza.com.br,2026-05-15 13:26:32 UTC,2026-11-30 13:26:31 UTC
pagfrete-cadastro-temp.magazineluiza.com.br,,ERRO: timeout na conexão,ERRO: timeout na conexão
pagfrete-cadastro.magazineluiza.com.br,magazineluiza.com.br,2026-05-15 13:26:32 UTC,2026-11-30 13:26:31 UTC
pagfrete-entrega-staging.magazineluiza.com.br,,ERRO: timeout na conexão,ERRO: timeout na conexão
pagfrete-entrega.magazineluiza.com.br,,ERRO: timeout na conexão,ERRO: timeout na conexão
pagfrete-fechamento.magazineluiza.com.br,magazineluiza.com.br,2026-05-15 13:26:32 UTC,2026-11-30 13:26:31 UTC
pagfrete-metrica.magazineluiza.com.br,magazineluiza.com.br,2026-05-15 13:26:32 UTC,2026-11-30 13:26:31 UTC
pagfrete-processo-staging.magazineluiza.com.br,,ERRO: timeout na conexão,ERRO: timeout na conexão
pagfrete-processo.magazineluiza.com.br,,ERRO: timeout na conexão,ERRO: timeout na conexão
pagfrete.magazineluiza.com.br,magazineluiza.com.br,2026-05-15 13:26:32 UTC,2026-11-30 13:26:31 UTC
painel-districotas.magazineluiza.com.br,,ERRO: timeout na conexão,ERRO: timeout na conexão
painel-monitoria-catalogo.magazineluiza.com.br,,ERRO: connect:errno=0,ERRO: connect:errno=0
palliative-fulfillment-api-staging.magazineluiza.com.br,,ERRO: timeout na conexão,ERRO: timeout na conexão
palliative-fulfillment-api.magazineluiza.com.br,35.227.215.244.nip.io,2026-04-21 17:47:27 UTC,2026-07-20 18:41:41 UTC
paperboy-stage-internal.magazineluiza.com.br,*.magazineluiza.com.br,2025-05-08 00:00:00 UTC,2026-06-07 23:59:59 UTC
parcerias.magazineluiza.com.br,,ERRO: timeout na conexão,ERRO: timeout na conexão
patralhao-staging.magazineluiza.com.br,,ERRO: connect:errno=0,ERRO: connect:errno=0
patralhao.magazineluiza.com.br,,ERRO: connect:errno=0,ERRO: connect:errno=0
pay-maker-stage.magazineluiza.com.br,,ERRO: connect:errno=0,ERRO: connect:errno=0
paymaker-internal.magazineluiza.com.br,magazineluiza.com.br,2026-05-15 13:26:32 UTC,2026-11-30 13:26:31 UTC
paymaker.magazineluiza.com.br,magazineluiza.com.br,2026-05-15 13:26:32 UTC,2026-11-30 13:26:31 UTC
payslip-staging.magazineluiza.com.br,,ERRO: connect:errno=0,ERRO: connect:errno=0
payslip.magazineluiza.com.br,,ERRO: connect:errno=0,ERRO: connect:errno=0
pcp-api-ui-stage.magazineluiza.com.br,*.magazineluiza.com.br,2025-05-08 00:00:00 UTC,2026-06-07 23:59:59 UTC
pcp-api-ui-temp-argo.magazineluiza.com.br,,ERRO: timeout na conexão,ERRO: timeout na conexão
pcp-api-ui.magazineluiza.com.br,magazineluiza.com.br,2026-05-15 13:26:32 UTC,2026-11-30 13:26:31 UTC
pcp-back-carga.magazineluiza.com.br,,ERRO: connect:errno=0,ERRO: connect:errno=0
pcp-back-plt.magazineluiza.com.br,,ERRO: connect:errno=0,ERRO: connect:errno=0
pcp-back-stage.magazineluiza.com.br,,ERRO: timeout na conexão,ERRO: timeout na conexão
pcp-back-temp.magazineluiza.com.br,mossad-career.co.il,2023-07-01 10:03:07 UTC,2023-09-29 10:57:01 UTC
pcp-back.magazineluiza.com.br,*.devfabrix.com,2022-08-16 16:55:20 UTC,2022-11-14 16:55:19 UTC
pcp-bf-plt.magazineluiza.com.br,,ERRO: connect:errno=0,ERRO: connect:errno=0
pcp-bf-stage.magazineluiza.com.br,,ERRO: timeout na conexão,ERRO: timeout na conexão
pcp-bf-temp.magazineluiza.com.br,thepampumexperience.com,2025-06-10 12:29:22 UTC,2025-09-08 13:22:55 UTC
pcp-collect-api-internal.magazineluiza.com.br,magazineluiza.com.br,2026-05-15 13:26:32 UTC,2026-11-30 13:26:31 UTC
pcp-collect-api.magazineluiza.com.br,magazineluiza.com.br,2026-05-15 13:26:32 UTC,2026-11-30 13:26:31 UTC
pcp-erp.magazineluiza.com.br,,ERRO: timeout na conexão,ERRO: timeout na conexão
pcp-integration-api-stage.magazineluiza.com.br,,ERRO: timeout na conexão,ERRO: timeout na conexão
pcp-order-api-2-stage.magazineluiza.com.br,,ERRO: timeout na conexão,ERRO: timeout na conexão
pcp-order-api-internal.magazineluiza.com.br,magazineluiza.com.br,2026-05-15 13:26:32 UTC,2026-11-30 13:26:31 UTC
pcp-order-api-stage-internal.magazineluiza.com.br,,ERRO: timeout na conexão,ERRO: timeout na conexão
pcp-order-api-stage.magazineluiza.com.br,,ERRO: timeout na conexão,ERRO: timeout na conexão
pcp-order-api.magazineluiza.com.br,magazineluiza.com.br,2026-05-15 13:26:32 UTC,2026-11-30 13:26:31 UTC
pcp-orders-plt.magazineluiza.com.br,,ERRO: connect:errno=0,ERRO: connect:errno=0
pcp-orders-stage.magazineluiza.com.br,,ERRO: timeout na conexão,ERRO: timeout na conexão
pcp-orders.magazineluiza.com.br,,ERRO: timeout na conexão,ERRO: timeout na conexão
pcp-plt.magazineluiza.com.br,,ERRO: connect:errno=0,ERRO: connect:errno=0
pcp-products-api-staging.magazineluiza.com.br,,ERRO: 140104788596032:error:1408F10B:SSL routines:ssl3_get_record:wrong version number:../ssl/record/ssl3_record.c:331:,ERRO: 140104788596032:error:1408F10B:SSL routines:ssl3_get_record:wrong version number:../ssl/record/ssl3_record.c:331:
pcp-products-api.magazineluiza.com.br,magazineluiza.com.br,2026-05-15 13:26:32 UTC,2026-11-30 13:26:31 UTC
pcp-robozin-origin.magazineluiza.com.br,,ERRO: write:errno=0,ERRO: write:errno=0
pcp-schedule-api-internal.magazineluiza.com.br,magazineluiza.com.br,2026-05-15 13:26:32 UTC,2026-11-30 13:26:31 UTC
pcp-schedule-api.magazineluiza.com.br,magazineluiza.com.br,2026-05-15 13:26:32 UTC,2026-11-30 13:26:31 UTC
pcp-shipment-api-internal.magazineluiza.com.br,magazineluiza.com.br,2026-05-15 13:26:32 UTC,2026-11-30 13:26:31 UTC
pcp-shipment-api-stage-internal.magazineluiza.com.br,,ERRO: timeout na conexão,ERRO: timeout na conexão
pcp-shipment-api.magazineluiza.com.br,magazineluiza.com.br,2026-05-15 13:26:32 UTC,2026-11-30 13:26:31 UTC
pcp-stage.magazineluiza.com.br,,ERRO: connect:errno=0,ERRO: connect:errno=0
pcp-temp-stage.magazineluiza.com.br,,ERRO: timeout na conexão,ERRO: timeout na conexão
pcp.magazineluiza.com.br,,ERRO: connect:errno=0,ERRO: connect:errno=0
pdv-magalu-integration-api-staging.magazineluiza.com.br,,ERRO: timeout na conexão,ERRO: timeout na conexão
pdv-magalu-integration-api.magazineluiza.com.br,,ERRO: timeout na conexão,ERRO: timeout na conexão
pdv-magalu-integration.magazineluiza.com.br,,ERRO: timeout na conexão,ERRO: timeout na conexão
pedido-compra-api-production-gcp.magazineluiza.com.br,volantinotop.com,2026-05-23 17:16:39 UTC,2026-08-21 18:10:54 UTC
pedido-compra-api-production.magazineluiza.com.br,volantinotop.com,2026-05-23 17:16:39 UTC,2026-08-21 18:10:54 UTC
pedido-compra-api-staging.magazineluiza.com.br,,ERRO: connect:errno=0,ERRO: connect:errno=0
pedido-vendedor-api-staging-gcp.magazineluiza.com.br,,ERRO: timeout na conexão,ERRO: timeout na conexão
pedido-vendedor-api.magazineluiza.com.br,,ERRO: timeout na conexão,ERRO: timeout na conexão
pedidocompra-balboa-staging.magazineluiza.com.br,,ERRO: connect:errno=0,ERRO: connect:errno=0
pegasus-cashier-api.magazineluiza.com.br,dev-dx-talent.kikagaku.ai,2026-05-08 00:58:44 UTC,2026-08-06 01:52:18 UTC
pegasus-orders-api.magazineluiza.com.br,products-api-test.glukynet.com,2026-04-23 01:15:07 UTC,2026-07-22 02:09:00 UTC
pegasus-orders.magazineluiza.com.br,,ERRO: connect:errno=0,ERRO: connect:errno=0
pegasus-receipts-api.magazineluiza.com.br,magazineluiza.com.br,2026-05-15 13:26:32 UTC,2026-11-30 13:26:31 UTC
penalidade-digital-api.magazineluiza.com.br,magazineluiza.com.br,2026-05-15 13:26:32 UTC,2026-11-30 13:26:31 UTC
pendencia-zero-api-hml.magazineluiza.com.br,,ERRO: connect:errno=0,ERRO: connect:errno=0
pendencia-zero-api.magazineluiza.com.br,magazineluiza.com.br,2026-05-15 13:26:32 UTC,2026-11-30 13:26:31 UTC
pendencia-zero.magazineluiza.com.br,,ERRO: timeout na conexão,ERRO: timeout na conexão
pendencia-zero2.magazineluiza.com.br,,ERRO: timeout na conexão,ERRO: timeout na conexão
people-flow-api-mgc.magazineluiza.com.br,magazineluiza.com.br,2026-05-15 13:26:32 UTC,2026-11-30 13:26:31 UTC
people-flow-api.magazineluiza.com.br,magazineluiza.com.br,2026-05-15 13:26:32 UTC,2026-11-30 13:26:31 UTC
people-flow-counter-api-stage-v2.magazineluiza.com.br,,ERRO: timeout na conexão,ERRO: timeout na conexão
people-flow-counter-api-stage.magazineluiza.com.br,,ERRO: connect:errno=0,ERRO: connect:errno=0
people-flow-dashboard-api-stage.magazineluiza.com.br,,ERRO: connect:errno=0,ERRO: connect:errno=0
people-flow-dashboard-front-gcp-stage.magazineluiza.com.br,,ERRO: timeout na conexão,ERRO: timeout na conexão
people-flow-dashboard-gcp-stage.magazineluiza.com.br,,ERRO: timeout na conexão,ERRO: timeout na conexão
people-flow-origin.magazineluiza.com.br,magazineluiza.com.br,2026-05-15 13:26:32 UTC,2026-11-30 13:26:31 UTC
people-flow-update-manager-api-stage.magazineluiza.com.br,,ERRO: connect:errno=0,ERRO: connect:errno=0
peopleflow-origin.magazineluiza.com.br,magazineluiza.com.br,2026-05-15 13:26:32 UTC,2026-11-30 13:26:31 UTC
peopleflow-staging-origin.magazineluiza.com.br,magazineluiza.com.br,2026-05-15 13:26:32 UTC,2026-11-30 13:26:31 UTC
pepper-staging.magazineluiza.com.br,,ERRO: timeout na conexão,ERRO: timeout na conexão
peter-parker-staging.magazineluiza.com.br,,ERRO: connect:errno=0,ERRO: connect:errno=0
peter-parker.magazineluiza.com.br,,ERRO: connect:errno=0,ERRO: connect:errno=0
phill-staging.magazineluiza.com.br,,ERRO: timeout na conexão,ERRO: timeout na conexão
phill.magazineluiza.com.br,,ERRO: connect:errno=0,ERRO: connect:errno=0
phone-services-api-v2-gcp.magazineluiza.com.br,,ERRO: timeout na conexão,ERRO: timeout na conexão
phone-services-api-v2.magazineluiza.com.br,*.magazineluiza.com.br,2025-05-08 00:00:00 UTC,2026-06-07 23:59:59 UTC
pic._domainkey.cob.magazineluiza.com.br,,ERRO: connect:errno=0,ERRO: connect:errno=0
pickorder-logistic-api-internal.magazineluiza.com.br,magazineluiza.com.br,2026-05-15 13:26:32 UTC,2026-11-30 13:26:31 UTC
pickorder-logistic-api-origin.magazineluiza.com.br,,ERRO: timeout na conexão,ERRO: timeout na conexão
pickorder-logistic-api-stage-internal.magazineluiza.com.br,,ERRO: timeout na conexão,ERRO: timeout na conexão
pickorder-logistic-api-stage.magazineluiza.com.br,airbyte.test.data.insider.engineering,2026-05-26 10:22:00 UTC,2026-08-24 11:16:54 UTC
pickorder-logistic-api-staging.magazineluiza.com.br,,ERRO: timeout na conexão,ERRO: timeout na conexão
pickorder-logistic-api.magazineluiza.com.br,magazineluiza.com.br,2026-05-15 13:26:32 UTC,2026-11-30 13:26:31 UTC
pickpocket-plt.magazineluiza.com.br,,ERRO: connect:errno=0,ERRO: connect:errno=0
pickpocket-stage.magazineluiza.com.br,,ERRO: timeout na conexão,ERRO: timeout na conexão
pickpocket-staging.magazineluiza.com.br,,ERRO: timeout na conexão,ERRO: timeout na conexão
pickpocket.magazineluiza.com.br,,ERRO: timeout na conexão,ERRO: timeout na conexão
pickup-store-analytics-api-pontos-fisicos-a.magazineluiza.com.br,,ERRO: timeout na conexão,ERRO: timeout na conexão
pickup-store-analytics-api.magazineluiza.com.br,,ERRO: write:errno=0,ERRO: write:errno=0
pickup-store-api-staging.magazineluiza.com.br,,ERRO: connect:errno=0,ERRO: connect:errno=0
pickup-stores-analytics.magazineluiza.com.br,,ERRO: connect:errno=0,ERRO: connect:errno=0
pie-staging.magazineluiza.com.br,,ERRO: timeout na conexão,ERRO: timeout na conexão
pis.magazineluiza.com.br,web-shinjiro.dev.fanm.jp,2025-11-09 04:44:28 UTC,2026-02-07 05:38:42 UTC
planejamento-stage.magazineluiza.com.br,*.magazineluiza.com.br,2025-05-08 00:00:00 UTC,2026-06-07 23:59:59 UTC
planejamento-temp.magazineluiza.com.br,,ERRO: write:errno=0,ERRO: write:errno=0
planejamento.magazineluiza.com.br,magazineluiza.com.br,2026-05-15 13:26:32 UTC,2026-11-30 13:26:31 UTC
plataforma-abastecimento-staging.magazineluiza.com.br,02ab9e97-c47e-43f7-8c7d-5ad07bd8b650.streamplease.net,2026-05-28 03:29:43 UTC,2026-08-26 04:23:37 UTC
plataforma-compras-stage.magazineluiza.com.br,,ERRO: timeout na conexão,ERRO: timeout na conexão
plataforma-compras-v2-stage.magazineluiza.com.br,,ERRO: timeout na conexão,ERRO: timeout na conexão
plataforma-compras.magazineluiza.com.br,*.magazineluiza.com.br,2025-05-08 00:00:00 UTC,2026-06-07 23:59:59 UTC
plataforma-magalog-piloto.magazineluiza.com.br,,ERRO: connect:errno=0,ERRO: connect:errno=0
plataforma-magalog-stage.magazineluiza.com.br,,ERRO: connect:errno=0,ERRO: connect:errno=0
plataforma-magalog.magazineluiza.com.br,,ERRO: connect:errno=0,ERRO: connect:errno=0
plataforma-staging.magazineluiza.com.br,,ERRO: connect:errno=0,ERRO: connect:errno=0
plataformadfe-api.magazineluiza.com.br,magazineluiza.com.br,2026-05-15 13:26:32 UTC,2026-11-30 13:26:31 UTC
plataformadfe-front-temp.magazineluiza.com.br,api.dev.supadilo.com,2026-04-17 05:36:50 UTC,2026-07-16 06:31:03 UTC
plataformadfe-staging.magazineluiza.com.br,,ERRO: connect:errno=0,ERRO: connect:errno=0
plataformadfe.magazineluiza.com.br,magazineluiza.com.br,2026-05-15 13:26:32 UTC,2026-11-30 13:26:31 UTC
platcob-api-internal.magazineluiza.com.br,magazineluiza.com.br,2026-05-15 13:26:32 UTC,2026-11-30 13:26:31 UTC
platcob-api-magalu-stage.magazineluiza.com.br,,ERRO: timeout na conexão,ERRO: timeout na conexão
platcob-api-stage-internal.magazineluiza.com.br,,ERRO: timeout na conexão,ERRO: timeout na conexão
platcob-magalu-api-internal.magazineluiza.com.br,magazineluiza.com.br,2026-05-15 13:26:32 UTC,2026-11-30 13:26:31 UTC
platcob-magalu-api-origin.magazineluiza.com.br,magazineluiza.com.br,2026-05-15 13:26:32 UTC,2026-11-30 13:26:31 UTC
platcob-magalu-api-stage-internal.magazineluiza.com.br,,ERRO: timeout na conexão,ERRO: timeout na conexão
platcob-magalu-api-staging.magazineluiza.com.br,,ERRO: timeout na conexão,ERRO: timeout na conexão
platcob-parceiros-api-origin.magazineluiza.com.br,magazineluiza.com.br,2026-05-15 13:26:32 UTC,2026-11-30 13:26:31 UTC
platcob-prod-origin.magazineluiza.com.br,magazineluiza.com.br,2026-05-15 13:26:32 UTC,2026-11-30 13:26:31 UTC
platcob-relatorio-api-stage.magazineluiza.com.br,,ERRO: timeout na conexão,ERRO: timeout na conexão
plt-suppliers.magazineluiza.com.br,,ERRO: write:errno=0,ERRO: write:errno=0
pmt-stores-api.magazineluiza.com.br,magazineluiza.com.br,2026-05-15 13:26:32 UTC,2026-11-30 13:26:31 UTC
poc.magazineluiza.com.br,,ERRO: connect:errno=0,ERRO: connect:errno=0
politicas-stage.magazineluiza.com.br,,ERRO: write:errno=0,ERRO: write:errno=0
pong-internal.magazineluiza.com.br,magazineluiza.com.br,2026-05-15 13:26:32 UTC,2026-11-30 13:26:31 UTC
pong-origin.magazineluiza.com.br,magazineluiza.com.br,2026-05-15 13:26:32 UTC,2026-11-30 13:26:31 UTC
pong-stage-internal.magazineluiza.com.br,,ERRO: timeout na conexão,ERRO: timeout na conexão
ponto-digital-api-origin.magazineluiza.com.br,magazineluiza.com.br,2026-05-15 13:26:32 UTC,2026-11-30 13:26:31 UTC
ponto-producer-api.magazineluiza.com.br,magazineluiza.com.br,2026-05-15 13:26:32 UTC,2026-11-30 13:26:31 UTC
portal-ads-origin.magazineluiza.com.br,,ERRO: timeout na conexão,ERRO: timeout na conexão
portal-backoffice-docs.magazineluiza.com.br,,ERRO: timeout na conexão,ERRO: timeout na conexão
portal-saber-api.magazineluiza.com.br,magazineluiza.com.br,2026-05-15 13:26:32 UTC,2026-11-30 13:26:31 UTC
portal2-ssl.magazineluiza.com.br,,ERRO: timeout na conexão,ERRO: timeout na conexão
portalbi.magazineluiza.com.br,,ERRO: timeout na conexão,ERRO: timeout na conexão
portalfornecedor-cadastro-staging.magazineluiza.com.br,35.244.190.113.nip.io,2026-05-17 06:08:18 UTC,2026-08-15 07:01:52 UTC
portalfornecedor-stage.magazineluiza.com.br,,ERRO: timeout na conexão,ERRO: timeout na conexão
porter-staging.magazineluiza.com.br,,ERRO: timeout na conexão,ERRO: timeout na conexão
pos-venda-ext-mgc-temp.magazineluiza.com.br,magazineluiza.com.br,2026-05-15 13:26:32 UTC,2026-11-30 13:26:31 UTC
pos-venda-internal-origin.magazineluiza.com.br,,ERRO: timeout na conexão,ERRO: timeout na conexão
pos-venda-internal.magazineluiza.com.br,magazineluiza.com.br,2026-05-15 13:26:32 UTC,2026-11-30 13:26:31 UTC
pos-venda-origin.magazineluiza.com.br,magazineluiza.com.br,2026-05-15 13:26:32 UTC,2026-11-30 13:26:31 UTC
posters-api-stage-gcp.magazineluiza.com.br,,ERRO: timeout na conexão,ERRO: timeout na conexão
posters-printing-api-mgc-sso.magazineluiza.com.br,magazineluiza.com.br,2026-05-15 13:26:32 UTC,2026-11-30 13:26:31 UTC
posters-printing-api-mgc.magazineluiza.com.br,magazineluiza.com.br,2026-05-15 13:26:32 UTC,2026-11-30 13:26:31 UTC
praice-gcp.magazineluiza.com.br,,ERRO: write:errno=0,ERRO: write:errno=0
praice-sandbox.magazineluiza.com.br,,ERRO: connect:errno=0,ERRO: connect:errno=0
praice.magazineluiza.com.br,rapporten.cawdekempen.be,2026-04-20 14:56:29 UTC,2026-07-19 15:50:23 UTC
pravoce.magazineluiza.com.br,,ERRO: connect:errno=0,ERRO: connect:errno=0
preco-certo-api-stage.magazineluiza.com.br,,ERRO: connect:errno=0,ERRO: connect:errno=0
preco-certo-api-staging.magazineluiza.com.br,,ERRO: timeout na conexão,ERRO: timeout na conexão
preco-certo-api.magazineluiza.com.br,,ERRO: write:errno=0,ERRO: write:errno=0
preco-certo-backend-stage.magazineluiza.com.br,,ERRO: timeout na conexão,ERRO: timeout na conexão
preco-certo-backend-staging.magazineluiza.com.br,,ERRO: timeout na conexão,ERRO: timeout na conexão
preco-certo-backend-temp.magazineluiza.com.br,hdw-ambassador.np-store-sim.sim.homedepot.com,2026-05-14 19:02:58 UTC,2026-08-12 19:57:11 UTC
preco-certo-backend.magazineluiza.com.br,,ERRO: timeout na conexão,ERRO: timeout na conexão
precocerto-temp.magazineluiza.com.br,,ERRO: timeout na conexão,ERRO: timeout na conexão
precocerto.magazineluiza.com.br,,ERRO: timeout na conexão,ERRO: timeout na conexão
preventivo-rabbitmq-staging.magazineluiza.com.br,magazineluiza.com.br,2026-05-15 13:26:32 UTC,2026-11-30 13:26:31 UTC
preventivo-rabbitmq.magazineluiza.com.br,luizalabs.com,2026-05-06 19:03:42 UTC,2026-11-21 19:03:41 UTC
price-grandpa-staging-internal.magazineluiza.com.br,,ERRO: timeout na conexão,ERRO: timeout na conexão
price-grandpa-staging.magazineluiza.com.br,,ERRO: timeout na conexão,ERRO: timeout na conexão
privacidade-origin.magazineluiza.com.br,magazineluiza.com.br,2026-05-15 13:26:32 UTC,2026-11-30 13:26:31 UTC
prod-luiza-travel-api.magazineluiza.com.br,,ERRO: timeout na conexão,ERRO: timeout na conexão
prod-luiza-travel-web.magazineluiza.com.br,,ERRO: timeout na conexão,ERRO: timeout na conexão
prod-poman-api.magazineluiza.com.br,,ERRO: timeout na conexão,ERRO: timeout na conexão
prod-samtarlyapi-origin.magazineluiza.com.br,magazineluiza.com.br,2026-05-15 13:26:32 UTC,2026-11-30 13:26:31 UTC
prod2-luiza-travel-api.magazineluiza.com.br,,ERRO: timeout na conexão,ERRO: timeout na conexão
products-api-gcp-origin.magazineluiza.com.br,magazineluiza.com.br,2026-05-15 13:26:32 UTC,2026-11-30 13:26:31 UTC
products-api-staging-onprem.magazineluiza.com.br,,ERRO: timeout na conexão,ERRO: timeout na conexão
products-api.magazineluiza.com.br,,ERRO: timeout na conexão,ERRO: timeout na conexão
products-legacy-api-b.magazineluiza.com.br,hopmove.com,2026-04-01 23:24:16 UTC,2026-07-01 00:10:24 UTC
products-legacy-api-origin.magazineluiza.com.br,magazineluiza.com.br,2026-05-15 13:26:32 UTC,2026-11-30 13:26:31 UTC
products-ms-staging-gcp.magazineluiza.com.br,,ERRO: timeout na conexão,ERRO: timeout na conexão
products-ms-staging.magazineluiza.com.br,,ERRO: timeout na conexão,ERRO: timeout na conexão
products-ms.magazineluiza.com.br,,ERRO: timeout na conexão,ERRO: timeout na conexão
products-solr.magazineluiza.com.br,,ERRO: timeout na conexão,ERRO: timeout na conexão
products-wrapper-staging.magazineluiza.com.br,,ERRO: timeout na conexão,ERRO: timeout na conexão
products-wrapper.magazineluiza.com.br,magazineluiza.com.br,2026-05-15 13:26:32 UTC,2026-11-30 13:26:31 UTC
profile-staging.magazineluiza.com.br,,ERRO: timeout na conexão,ERRO: timeout na conexão
promocional-oferta-api.magazineluiza.com.br,magazineluiza.com.br,2026-05-15 13:26:32 UTC,2026-11-30 13:26:31 UTC
promocional-recuperado-staging.magazineluiza.com.br,,ERRO: timeout na conexão,ERRO: timeout na conexão
proposta-novacao-api-internal.magazineluiza.com.br,magazineluiza.com.br,2026-05-15 13:26:32 UTC,2026-11-30 13:26:31 UTC
proposta-novacao-api-stage-internal.magazineluiza.com.br,,ERRO: timeout na conexão,ERRO: timeout na conexão
proposta-novacao-api.magazineluiza.com.br,magazineluiza.com.br,2026-05-15 13:26:32 UTC,2026-11-30 13:26:31 UTC
purchase-order-information-staging.magazineluiza.com.br,,ERRO: timeout na conexão,ERRO: timeout na conexão
purchase-order-information-test.magazineluiza.com.br,*.pxgametw.com,2026-03-07 00:00:00 UTC,2026-09-21 23:59:59 UTC
purchase-orders-api-stage.magazineluiza.com.br,,ERRO: connect:errno=0,ERRO: connect:errno=0
purchase-orders-api.magazineluiza.com.br,,ERRO: connect:errno=0,ERRO: connect:errno=0
pyrello-staging.magazineluiza.com.br,,ERRO: timeout na conexão,ERRO: timeout na conexão
pyrello.magazineluiza.com.br,,ERRO: write:errno=0,ERRO: write:errno=0
quartz-api-staging-internal.magazineluiza.com.br,,ERRO: timeout na conexão,ERRO: timeout na conexão
quero-cafe-staging.magazineluiza.com.br,,ERRO: timeout na conexão,ERRO: timeout na conexão
quizzcartaoluizaapi-origin.magazineluiza.com.br,,ERRO: timeout na conexão,ERRO: timeout na conexão
qwerty-api-gcp-tmp-gke.magazineluiza.com.br,,ERRO: timeout na conexão,ERRO: timeout na conexão
qwerty-api-gcp.magazineluiza.com.br,magazineluiza.com.br,2026-05-15 13:26:32 UTC,2026-11-30 13:26:31 UTC
qwerty-api-staging.magazineluiza.com.br,,ERRO: timeout na conexão,ERRO: timeout na conexão
qwerty-staging.magazineluiza.com.br,,ERRO: timeout na conexão,ERRO: timeout na conexão
qwerty.magazineluiza.com.br,,ERRO: timeout na conexão,ERRO: timeout na conexão
r2d2-api-internal.magazineluiza.com.br,,ERRO: timeout na conexão,ERRO: timeout na conexão
r2d2-api-origin.magazineluiza.com.br,magazineluiza.com.br,2026-05-15 13:26:32 UTC,2026-11-30 13:26:31 UTC
r2d2-detect-intent.magazineluiza.com.br,magazineluiza.com.br,2026-05-15 13:26:32 UTC,2026-11-30 13:26:31 UTC
r2d2-origin.magazineluiza.com.br,service.mcafee.com,2025-01-28 00:00:00 UTC,2026-01-28 23:59:59 UTC
r2d2-socket-internal.magazineluiza.com.br,magazineluiza.com.br,2026-05-15 13:26:32 UTC,2026-11-30 13:26:31 UTC
r2d2-socket-origin.magazineluiza.com.br,magazineluiza.com.br,2026-05-15 13:26:32 UTC,2026-11-30 13:26:31 UTC
r2d2-socket-stage-internal.magazineluiza.com.br,,ERRO: timeout na conexão,ERRO: timeout na conexão
r2d2-staging.magazineluiza.com.br,,ERRO: timeout na conexão,ERRO: timeout na conexão
r2d2-temp.magazineluiza.com.br,service.mcafee.com,2025-01-28 00:00:00 UTC,2026-01-28 23:59:59 UTC
rabbitmq-ha-internal-gke-multicanalidade-transaction.magazineluiza.com.br,,ERRO: timeout na conexão,ERRO: timeout na conexão
rabbitmq-ha-maga-production.magazineluiza.com.br,,ERRO: timeout na conexão,ERRO: timeout na conexão
racer-x-api-front-internal.magazineluiza.com.br,magazineluiza.com.br,2026-05-15 13:26:32 UTC,2026-11-30 13:26:31 UTC
racer-x-api-front-staging-internal.magazineluiza.com.br,,ERRO: timeout na conexão,ERRO: timeout na conexão
racer-x-api-front-staging.magazineluiza.com.br,*.magazineluiza.com.br,2025-05-08 00:00:00 UTC,2026-06-07 23:59:59 UTC
racer-x-api-front.magazineluiza.com.br,magazineluiza.com.br,2026-05-15 13:26:32 UTC,2026-11-30 13:26:31 UTC
racer-x-api-internal.magazineluiza.com.br,,ERRO: timeout na conexão,ERRO: timeout na conexão
racer-x-api-staging-internal.magazineluiza.com.br,,ERRO: timeout na conexão,ERRO: timeout na conexão
racer-x-api-staging.magazineluiza.com.br,wallet.travelprotect.au,2026-04-09 22:08:55 UTC,2026-07-08 23:03:09 UTC
radsec-wifi-new.magazineluiza.com.br,,ERRO: connect:errno=0,ERRO: connect:errno=0
radsec-wifi.magazineluiza.com.br,,ERRO: connect:errno=0,ERRO: connect:errno=0
rails-web-separa-works.magazineluiza.com.br,,ERRO: connect:errno=0,ERRO: connect:errno=0
ralph.magazineluiza.com.br,magazineluiza.com.br,2026-05-15 13:26:32 UTC,2026-11-30 13:26:31 UTC
ratchet-backend-stage.magazineluiza.com.br,*.magazineluiza.com.br,2025-05-08 00:00:00 UTC,2026-06-07 23:59:59 UTC
ratchet-backend.magazineluiza.com.br,magazineluiza.com.br,2026-05-15 13:26:32 UTC,2026-11-30 13:26:31 UTC
ratchet-worker-stage.magazineluiza.com.br,*.magazineluiza.com.br,2025-05-08 00:00:00 UTC,2026-06-07 23:59:59 UTC
raven-api-hml.magazineluiza.com.br,,ERRO: timeout na conexão,ERRO: timeout na conexão
raven-api-origin.magazineluiza.com.br,magazineluiza.com.br,2026-05-15 13:26:32 UTC,2026-11-30 13:26:31 UTC
rds-p36.magazineluiza.com.br,,ERRO: timeout na conexão,ERRO: timeout na conexão
read2.db.jazz.magazineluiza.com.br,,ERRO: connect:errno=0,ERRO: connect:errno=0
reconciliation-benefits-api-stage.magazineluiza.com.br,,ERRO: timeout na conexão,ERRO: timeout na conexão
redash-logistica-mgc.magazineluiza.com.br,magazineluiza.com.br,2026-05-15 13:26:32 UTC,2026-11-30 13:26:31 UTC
redash-logistica.magazineluiza.com.br,magazineluiza.com.br,2026-05-15 13:26:32 UTC,2026-11-30 13:26:31 UTC
redis-master.arcoiro.magazineluiza.com.br,,ERRO: timeout na conexão,ERRO: timeout na conexão
redis1.arcoiro.magazineluiza.com.br,,ERRO: connect:errno=0,ERRO: connect:errno=0
redis2.arcoiro.magazineluiza.com.br,,ERRO: connect:errno=0,ERRO: connect:errno=0
reed-api.magazineluiza.com.br,magazineluiza.com.br,2026-05-15 13:26:32 UTC,2026-11-30 13:26:31 UTC
reenquadramento-processor.magazineluiza.com.br,,ERRO: timeout na conexão,ERRO: timeout na conexão
reenquadramento.magazineluiza.com.br,,ERRO: connect:errno=0,ERRO: connect:errno=0
refaturador-stage.magazineluiza.com.br,*.magazineluiza.com.br,2025-05-08 00:00:00 UTC,2026-06-07 23:59:59 UTC
refaturador.magazineluiza.com.br,magazineluiza.com.br,2026-05-15 13:26:32 UTC,2026-11-30 13:26:31 UTC
registro-boleto-api-internal.magazineluiza.com.br,magazineluiza.com.br,2026-05-15 13:26:32 UTC,2026-11-30 13:26:31 UTC
registro-boleto-api-stage-internal.magazineluiza.com.br,,ERRO: timeout na conexão,ERRO: timeout na conexão
registro-boleto-api.magazineluiza.com.br,magazineluiza.com.br,2026-05-15 13:26:32 UTC,2026-11-30 13:26:31 UTC
regra-de-ferias-worker-staging.magazineluiza.com.br,,ERRO: timeout na conexão,ERRO: timeout na conexão
relatorio-reserva-backend-staging.magazineluiza.com.br,,ERRO: connect:errno=0,ERRO: connect:errno=0
relatorio-reserva-backend.magazineluiza.com.br,,ERRO: timeout na conexão,ERRO: timeout na conexão
relatorio-reserva-frontend-staging.magazineluiza.com.br,,ERRO: connect:errno=0,ERRO: connect:errno=0
relatorio-reserva-frontend.magazineluiza.com.br,consumer-web-c2c.apps-euw3.consumer.staging.ibx.dev,2026-04-14 13:54:43 UTC,2026-07-13 13:54:42 UTC
remuneration-api-internal.magazineluiza.com.br,magazineluiza.com.br,2026-05-15 13:26:32 UTC,2026-11-30 13:26:31 UTC
remuneration-api.magazineluiza.com.br,magazineluiza.com.br,2026-05-15 13:26:32 UTC,2026-11-30 13:26:31 UTC
repasse-balboa-api.magazineluiza.com.br,magazineluiza.com.br,2026-05-15 13:26:32 UTC,2026-11-30 13:26:31 UTC
repasse-integracao-api.magazineluiza.com.br,magazineluiza.com.br,2026-05-15 13:26:32 UTC,2026-11-30 13:26:31 UTC
reports-fulfillment-stage-internal.magazineluiza.com.br,*.magazineluiza.com.br,2025-05-08 00:00:00 UTC,2026-06-07 23:59:59 UTC
reprocess-messages-maestro-api-internal.magazineluiza.com.br,magazineluiza.com.br,2026-05-15 13:26:32 UTC,2026-11-30 13:26:31 UTC
reprocess-messages-maestro-api.magazineluiza.com.br,magazineluiza.com.br,2026-05-15 13:26:32 UTC,2026-11-30 13:26:31 UTC
requester-backops-external-stage.magazineluiza.com.br,,ERRO: timeout na conexão,ERRO: timeout na conexão
requester-backops-stage.magazineluiza.com.br,magazineluiza.com.br,2026-05-15 13:26:32 UTC,2026-11-30 13:26:31 UTC
requiem-gcp.magazineluiza.com.br,,ERRO: write:errno=0,ERRO: write:errno=0
requiem-staging.magazineluiza.com.br,,ERRO: timeout na conexão,ERRO: timeout na conexão
requiem-us.magazineluiza.com.br,apple.vanever.com,2026-05-02 04:49:17 UTC,2026-07-31 05:43:51 UTC
rescisao-internal.magazineluiza.com.br,magazineluiza.com.br,2026-05-15 13:26:32 UTC,2026-11-30 13:26:31 UTC
rescisao-origin.magazineluiza.com.br,magazineluiza.com.br,2026-05-15 13:26:32 UTC,2026-11-30 13:26:31 UTC
rescisao-staging.magazineluiza.com.br,,ERRO: connect:errno=0,ERRO: connect:errno=0
responda-reclameaqui-api-hml.magazineluiza.com.br,,ERRO: connect:errno=0,ERRO: connect:errno=0
ressuprimento-back-stage.magazineluiza.com.br,,ERRO: timeout na conexão,ERRO: timeout na conexão
ressuprimento-back-temp.magazineluiza.com.br,,ERRO: timeout na conexão,ERRO: timeout na conexão
ressuprimento-back.magazineluiza.com.br,*.magazineluiza.com.br,2025-05-08 00:00:00 UTC,2026-06-07 23:59:59 UTC
ressuprimento-stage.magazineluiza.com.br,,ERRO: timeout na conexão,ERRO: timeout na conexão
ressuprimento-temp.magazineluiza.com.br,static.studiotools.ai,2026-05-05 00:06:01 UTC,2026-08-03 01:00:56 UTC
ressuprimento.magazineluiza.com.br,,ERRO: timeout na conexão,ERRO: timeout na conexão
rest-missaodigital-tst.magazineluiza.com.br,,ERRO: connect:errno=0,ERRO: connect:errno=0
rest-missaodigital.magazineluiza.com.br,,ERRO: connect:errno=0,ERRO: connect:errno=0
resupply-back-pitaco-stage.magazineluiza.com.br,,ERRO: timeout na conexão,ERRO: timeout na conexão
resupply-pitaco-back-stg.magazineluiza.com.br,,ERRO: connect:errno=0,ERRO: connect:errno=0
retail-stores-api-staging-gcp.magazineluiza.com.br,main-vrmr.dev.ykt-bowl.yakuto.dev,2026-05-11 02:25:06 UTC,2026-08-09 03:20:01 UTC
retail-stores-api-temp.magazineluiza.com.br,,ERRO: timeout na conexão,ERRO: timeout na conexão
retailstores.magazineluiza.com.br,magazineluiza.com.br,2026-05-15 13:26:32 UTC,2026-11-30 13:26:31 UTC
retiraloja-staging.magazineluiza.com.br,*.magazineluiza.com.br,2025-05-08 00:00:00 UTC,2026-06-07 23:59:59 UTC
retorno-bancario-webhook-origin.magazineluiza.com.br,magazineluiza.com.br,2026-05-15 13:26:32 UTC,2026-11-30 13:26:31 UTC
retorno-bancario-webhook-stage-origin.magazineluiza.com.br,,ERRO: timeout na conexão,ERRO: timeout na conexão
richie-api-internal.magazineluiza.com.br,,ERRO: timeout na conexão,ERRO: timeout na conexão
richie-api-stage.magazineluiza.com.br,,ERRO: timeout na conexão,ERRO: timeout na conexão
richie-api.magazineluiza.com.br,,ERRO: timeout na conexão,ERRO: timeout na conexão
rigby-stg.magazineluiza.com.br,,ERRO: timeout na conexão,ERRO: timeout na conexão
robin-api-hml.magazineluiza.com.br,,ERRO: timeout na conexão,ERRO: timeout na conexão
robin-api-sandbox.magazineluiza.com.br,,ERRO: timeout na conexão,ERRO: timeout na conexão
robin-api.magazineluiza.com.br,,ERRO: timeout na conexão,ERRO: timeout na conexão
robotnik-api-gcp-tmp-gke.magazineluiza.com.br,,ERRO: timeout na conexão,ERRO: timeout na conexão
robotnik-api-gcp.magazineluiza.com.br,magazineluiza.com.br,2026-05-15 13:26:32 UTC,2026-11-30 13:26:31 UTC
robotnik-staging.magazineluiza.com.br,,ERRO: connect:errno=0,ERRO: connect:errno=0
robotnik.magazineluiza.com.br,,ERRO: timeout na conexão,ERRO: timeout na conexão
rodney-bigweld-stage.magazineluiza.com.br,,ERRO: connect:errno=0,ERRO: connect:errno=0
roimarketing-dev.magazineluiza.com.br,,ERRO: timeout na conexão,ERRO: timeout na conexão
roimarketing.magazineluiza.com.br,,ERRO: timeout na conexão,ERRO: timeout na conexão
rollout-api.magazineluiza.com.br,,ERRO: timeout na conexão,ERRO: timeout na conexão
rota-tef.magazineluiza.com.br,,ERRO: timeout na conexão,ERRO: timeout na conexão
roy-snyder-api-mgc.magazineluiza.com.br,magazineluiza.com.br,2026-05-15 13:26:32 UTC,2026-11-30 13:26:31 UTC
roy-snyder-api-stage.magazineluiza.com.br,*.ironmountain-dxp.com,2025-12-16 00:00:00 UTC,2027-01-16 23:59:59 UTC
roy-snyder-api.magazineluiza.com.br,magazineluiza.com.br,2026-05-15 13:26:32 UTC,2026-11-30 13:26:31 UTC
rrjuridico-temp.magazineluiza.com.br,,ERRO: timeout na conexão,ERRO: timeout na conexão
rrjuridico.magazineluiza.com.br,,ERRO: timeout na conexão,ERRO: timeout na conexão
rubble-staging.magazineluiza.com.br,,ERRO: timeout na conexão,ERRO: timeout na conexão
russomano-internal.magazineluiza.com.br,,ERRO: timeout na conexão,ERRO: timeout na conexão
s.magazineluiza.com.br,,ERRO: connect:errno=0,ERRO: connect:errno=0
s1._domainkey.faturadasorte.magazineluiza.com.br,,ERRO: connect:errno=0,ERRO: connect:errno=0
s1._domainkey.magazineluiza.com.br,,ERRO: connect:errno=0,ERRO: connect:errno=0
s2._domainkey.faturadasorte.magazineluiza.com.br,,ERRO: connect:errno=0,ERRO: connect:errno=0
s2._domainkey.magazineluiza.com.br,,ERRO: connect:errno=0,ERRO: connect:errno=0
s47e33odgnwj.magazineluiza.com.br,,ERRO: connect:errno=0,ERRO: connect:errno=0
sac-origin.magazineluiza.com.br,,ERRO: timeout na conexão,ERRO: timeout na conexão
saga-backend.magazineluiza.com.br,,ERRO: timeout na conexão,ERRO: timeout na conexão
saldo-st-api-staging-internal.magazineluiza.com.br,,ERRO: timeout na conexão,ERRO: timeout na conexão
saldo-st-api.magazineluiza.com.br,magazineluiza.com.br,2026-05-15 13:26:32 UTC,2026-11-30 13:26:31 UTC
saldo-st.magazineluiza.com.br,magazineluiza.com.br,2026-05-15 13:26:32 UTC,2026-11-30 13:26:31 UTC
saldost-calculo-nfentrada-staging.magazineluiza.com.br,,ERRO: connect:errno=0,ERRO: connect:errno=0
saldost-calculo-nfsaida-staging.magazineluiza.com.br,,ERRO: connect:errno=0,ERRO: connect:errno=0
saldost-produtor-relger-staging.magazineluiza.com.br,,ERRO: connect:errno=0,ERRO: connect:errno=0
saldost-produtor-relger.magazineluiza.com.br,,ERRO: timeout na conexão,ERRO: timeout na conexão
sales-agent-api-internal-stage.magazineluiza.com.br,magazineluiza.com.br,2026-05-15 13:26:32 UTC,2026-11-30 13:26:31 UTC
sales-agent-customer-mcp-internal-stage.magazineluiza.com.br,magazineluiza.com.br,2026-05-15 13:26:32 UTC,2026-11-30 13:26:31 UTC
sales-agent-product-mcp-internal-stage.magazineluiza.com.br,magazineluiza.com.br,2026-05-15 13:26:32 UTC,2026-11-30 13:26:31 UTC
sales-generator-api-staging.magazineluiza.com.br,,ERRO: timeout na conexão,ERRO: timeout na conexão
sales-generator-staging.magazineluiza.com.br,,ERRO: timeout na conexão,ERRO: timeout na conexão
sales-retriever.magazineluiza.com.br,,ERRO: timeout na conexão,ERRO: timeout na conexão
sam-tarly-stage.magazineluiza.com.br,,ERRO: timeout na conexão,ERRO: timeout na conexão
samgalu-staging-origin.magazineluiza.com.br,,ERRO: timeout na conexão,ERRO: timeout na conexão
samtarlyapi.magazineluiza.com.br,,ERRO: connect:errno=0,ERRO: connect:errno=0
sancho-api-pilot-mgc.magazineluiza.com.brmagazineluiza.com.br,,ERRO: connect:errno=0,ERRO: connect:errno=0
sancho-api.magazineluiza.com.br,magazineluiza.com.br,2026-05-15 13:26:32 UTC,2026-11-30 13:26:31 UTC
sancho.magazineluiza.com.br,magazineluiza.com.br,2026-05-15 13:26:32 UTC,2026-11-30 13:26:31 UTC
sandbox-api-agendamento-fornecedor-interno.magazineluiza.com.br,,ERRO: timeout na conexão,ERRO: timeout na conexão
sandbox-mercurio-api.magazineluiza.com.br,,ERRO: connect:errno=0,ERRO: connect:errno=0
sandiego-mgc.magazineluiza.com.br,magazineluiza.com.br,2026-05-15 13:26:32 UTC,2026-11-30 13:26:31 UTC
sandiego-piloto.magazineluiza.com.br,magazineluiza.com.br,2026-05-15 13:26:32 UTC,2026-11-30 13:26:31 UTC
sandiego.magazineluiza.com.br,magazineluiza.com.br,2026-05-15 13:26:32 UTC,2026-11-30 13:26:31 UTC
santander-abertura-conta-staging.magazineluiza.com.br,,ERRO: timeout na conexão,ERRO: timeout na conexão
santander-cc-api-staging.magazineluiza.com.br,,ERRO: timeout na conexão,ERRO: timeout na conexão
saturi-rabbit-staging.magazineluiza.com.br,,ERRO: timeout na conexão,ERRO: timeout na conexão
schedule-fulfillment-api-internal.magazineluiza.com.br,magazineluiza.com.br,2026-05-15 13:26:32 UTC,2026-11-30 13:26:31 UTC
schedule-fulfillment-api-staging.magazineluiza.com.br,*.magazineluiza.com.br,2025-05-08 00:00:00 UTC,2026-06-07 23:59:59 UTC
schedule-fulfillment-bff-origin.magazineluiza.com.br,magazineluiza.com.br,2026-05-15 13:26:32 UTC,2026-11-30 13:26:31 UTC
scheduler-jiban.magazineluiza.com.br,platform-edge.us-central1.dev.gcp.wiliot.cloud,2026-05-25 14:30:18 UTC,2026-08-23 15:25:13 UTC
scooby-doo.magazineluiza.com.br,,ERRO: connect:errno=0,ERRO: connect:errno=0
scoobydoo.magazineluiza.com.br,,ERRO: timeout na conexão,ERRO: timeout na conexão
scph0124._domainkey.magazineluiza.com.br,,ERRO: connect:errno=0,ERRO: connect:errno=0
search.magazineluiza.com.br,,ERRO: timeout na conexão,ERRO: timeout na conexão
sec-bi-read-replica.magazineluiza.com.br,,ERRO: timeout na conexão,ERRO: timeout na conexão
sec-bi.magazineluiza.com.br,,ERRO: timeout na conexão,ERRO: timeout na conexão
segsuperpro-apistage-origin.magazineluiza.com.br,,ERRO: connect:errno=11,ERRO: connect:errno=11
segsuperpro-apistage-origin.magazineluiza.com.brmagazineluiza.com.br,,ERRO: connect:errno=11,ERRO: connect:errno=11
segunda-via-nota.magazineluiza.com.br,magazineluiza.com.br,2026-05-15 13:26:32 UTC,2026-11-30 13:26:31 UTC
seguro.magazineluiza.com.br,,ERRO: timeout na conexão,ERRO: timeout na conexão
seguroautomotivo.magazineluiza.com.br,,ERRO: timeout na conexão,ERRO: timeout na conexão
seller-checkup-staging.magazineluiza.com.br,*.magazineluiza.com.br,2025-05-08 00:00:00 UTC,2026-06-07 23:59:59 UTC
seller-checkup.magazineluiza.com.br,magazineluiza.com.br,2026-05-15 13:26:32 UTC,2026-11-30 13:26:31 UTC
seller.magazineluiza.com.br,,ERRO: timeout na conexão,ERRO: timeout na conexão
sendmail-staging.magazineluiza.com.br,,ERRO: connect:errno=0,ERRO: connect:errno=0
sendmail.magazineluiza.com.br,magazineluiza.com.br,2026-05-15 13:26:32 UTC,2026-11-30 13:26:31 UTC
senhorcotas.magazineluiza.com.br,,ERRO: timeout na conexão,ERRO: timeout na conexão
sentry-new.magazineluiza.com.br,,ERRO: connect:errno=0,ERRO: connect:errno=0
sentry.magazineluiza.com.br,,ERRO: timeout na conexão,ERRO: timeout na conexão
serena-bff.internal.magazineluiza.com.br,localhost,2026-05-19 02:22:36 UTC,2038-01-19 03:14:08 UTC
serena-db-temp.magazineluiza.com.br,,ERRO: timeout na conexão,ERRO: timeout na conexão
serena-front-staging-origin.magazineluiza.com.br,,ERRO: timeout na conexão,ERRO: timeout na conexão
serena-staging-temp.magazineluiza.com.br,cube.prod-tuv.m3.datafuelx.com,2026-05-11 18:07:21 UTC,2026-08-09 19:01:15 UTC
serial-numbers-api-internal.magazineluiza.com.br,magazineluiza.com.br,2026-05-15 13:26:32 UTC,2026-11-30 13:26:31 UTC
serial-numbers-api-staging-internal.magazineluiza.com.br,,ERRO: timeout na conexão,ERRO: timeout na conexão
serial-numbers-api.magazineluiza.com.br,magazineluiza.com.br,2026-05-15 13:26:32 UTC,2026-11-30 13:26:31 UTC
serial-numbers-staging.magazineluiza.com.br,,ERRO: connect:errno=0,ERRO: connect:errno=0
serial-numbers-worker-staging.magazineluiza.com.br,,ERRO: connect:errno=0,ERRO: connect:errno=0
service-b2b-int.magazineluiza.com.br,,ERRO: connect:errno=0,ERRO: connect:errno=0
service-blue-gcp.magazineluiza.com.br,*.entertimeonline.com,2025-12-10 00:00:00 UTC,2026-12-09 23:59:59 UTC
service-cloudfront.magazineluiza.com.br,,ERRO: connect:errno=0,ERRO: connect:errno=0
service-dan-d.magazineluiza.com.br,,ERRO: timeout na conexão,ERRO: timeout na conexão
service-dans-sa.magazineluiza.com.br,,ERRO: timeout na conexão,ERRO: timeout na conexão
service-dans.magazineluiza.com.br,,ERRO: timeout na conexão,ERRO: timeout na conexão
service-green-gcp.magazineluiza.com.br,,ERRO: timeout na conexão,ERRO: timeout na conexão
service-internal-kong.magazineluiza.com.br,,ERRO: connect:errno=0,ERRO: connect:errno=0
service-internal.magazineluiza.com.br,,ERRO: timeout na conexão,ERRO: timeout na conexão
service-kong-sa-internal.magazineluiza.com.br,magazineluiza.com.br,2026-05-15 13:26:32 UTC,2026-11-30 13:26:31 UTC
service-legacy.magazineluiza.com.br,,ERRO: timeout na conexão,ERRO: timeout na conexão
service-origin.magazineluiza.com.br,,ERRO: timeout na conexão,ERRO: timeout na conexão
service-preprod.magazineluiza.com.br,,ERRO: timeout na conexão,ERRO: timeout na conexão
service-us.magazineluiza.com.br,,ERRO: connect:errno=0,ERRO: connect:errno=0
service.tst-3.magazineluiza.com.br,,ERRO: timeout na conexão,ERRO: timeout na conexão
servicos-agreement-pdf-staging.magazineluiza.com.br,,ERRO: timeout na conexão,ERRO: timeout na conexão
servicos-agreements-pdf-staging.magazineluiza.com.br,,ERRO: timeout na conexão,ERRO: timeout na conexão
servicos-agreements-template-staging.magazineluiza.com.br,,ERRO: timeout na conexão,ERRO: timeout na conexão
servicos-api-internal.magazineluiza.com.br,,ERRO: timeout na conexão,ERRO: timeout na conexão
servicos-api-tmp.magazineluiza.com.br,,ERRO: timeout na conexão,ERRO: timeout na conexão
servicos-kong-proxy-sandbox.magazineluiza.com.br,,ERRO: timeout na conexão,ERRO: timeout na conexão
servicos-messaging.magazineluiza.com.br,*.magazineluiza.com.br,2025-05-08 00:00:00 UTC,2026-06-07 23:59:59 UTC
servicos-telefonia-staging.magazineluiza.com.br,,ERRO: timeout na conexão,ERRO: timeout na conexão
servicos-zelia-staging.magazineluiza.com.br,,ERRO: timeout na conexão,ERRO: timeout na conexão
sesamo-api-internal.magazineluiza.com.br,,ERRO: timeout na conexão,ERRO: timeout na conexão
sesamo-api-staging-internal.magazineluiza.com.br,,ERRO: timeout na conexão,ERRO: timeout na conexão
sesamo-api-temp-argocd.magazineluiza.com.br,survey.kackisiyiz.io,2026-05-08 15:21:42 UTC,2026-08-06 16:12:54 UTC
severino-api-expedicao-internal.magazineluiza.com.br,magazineluiza.com.br,2026-05-15 13:26:32 UTC,2026-11-30 13:26:31 UTC
severino-api-expedicao.magazineluiza.com.br,magazineluiza.com.br,2026-05-15 13:26:32 UTC,2026-11-30 13:26:31 UTC
severino-api-staging.magazineluiza.com.br,,ERRO: timeout na conexão,ERRO: timeout na conexão
severino-api-ui-expedicao.magazineluiza.com.br,magazineluiza.com.br,2026-05-15 13:26:32 UTC,2026-11-30 13:26:31 UTC
severino-api-ui-staging.magazineluiza.com.br,*.magazineluiza.com.br,2025-05-08 00:00:00 UTC,2026-06-07 23:59:59 UTC
severino-api.magazineluiza.com.br,*.twp999.cc,2026-05-15 12:55:30 UTC,2026-08-13 13:51:25 UTC
severino-staging.magazineluiza.com.br,portal.prod.jlp-enterprise.net,2026-04-23 08:17:54 UTC,2026-07-22 08:17:53 UTC
severino.magazineluiza.com.br,,ERRO: timeout na conexão,ERRO: timeout na conexão
sharon-staging.magazineluiza.com.br,,ERRO: connect:errno=0,ERRO: connect:errno=0
sharon.magazineluiza.com.br,,ERRO: connect:errno=0,ERRO: connect:errno=0
shazam-api-staging.magazineluiza.com.br,,ERRO: timeout na conexão,ERRO: timeout na conexão
shenzi-api-internal.magazineluiza.com.br,magazineluiza.com.br,2026-05-15 13:26:32 UTC,2026-11-30 13:26:31 UTC
shenzi-api-origin.magazineluiza.com.br,magazineluiza.com.br,2026-05-15 13:26:32 UTC,2026-11-30 13:26:31 UTC
sherlock-source.magazineluiza.com.br,*.prea.eu,2023-06-07 00:00:00 UTC,2024-06-28 23:59:59 UTC
sherlog-api-sandbox.magazineluiza.com.br,api.inhaven.com,2026-05-19 11:00:53 UTC,2026-08-17 11:00:52 UTC
sherlog-api.magazineluiza.com.br,magazineluiza.com.br,2026-05-15 13:26:32 UTC,2026-11-30 13:26:31 UTC
shield-staging.magazineluiza.com.br,,ERRO: connect:errno=0,ERRO: connect:errno=0
shield.magazineluiza.com.br,,ERRO: connect:errno=0,ERRO: connect:errno=0
shieldworker-staging.magazineluiza.com.br,,ERRO: connect:errno=0,ERRO: connect:errno=0
shoppingcarts-healthcheck-logistica-temp.magazineluiza.com.br,Kubernetes Ingress Controller Fake Certificate,2026-05-13 09:01:01 UTC,2027-05-13 09:01:01 UTC
shura-api-stage.magazineluiza.com.br,,ERRO: timeout na conexão,ERRO: timeout na conexão
side-show-bob-temp.magazineluiza.com.br,,ERRO: timeout na conexão,ERRO: timeout na conexão
side-show-bob.magazineluiza.com.br,,ERRO: timeout na conexão,ERRO: timeout na conexão
sideswipe-worker-stage.magazineluiza.com.br,*.magazineluiza.com.br,2025-05-08 00:00:00 UTC,2026-06-07 23:59:59 UTC
simmons-stage.magazineluiza.com.br,,ERRO: timeout na conexão,ERRO: timeout na conexão
simulador-recisao-staging.magazineluiza.com.br,,ERRO: timeout na conexão,ERRO: timeout na conexão
simulador-rescisao-api-staging-internal.magazineluiza.com.br,,ERRO: timeout na conexão,ERRO: timeout na conexão
simulador-transformers-logistica-temp.magazineluiza.com.br,magazineluiza.com.br,2026-05-15 13:26:32 UTC,2026-11-30 13:26:31 UTC
simulador-transformers-origin.magazineluiza.com.br,,ERRO: timeout na conexão,ERRO: timeout na conexão
simulador-transformers-stage.magazineluiza.com.br,*.magazineluiza.com.br,2025-05-08 00:00:00 UTC,2026-06-07 23:59:59 UTC
sirigueijo-01.magazineluiza.com.br,,ERRO: connect:errno=0,ERRO: connect:errno=0
sirigueijo-02.magazineluiza.com.br,,ERRO: connect:errno=0,ERRO: connect:errno=0
sirigueijo-elasticsearch-gcp-external.magazineluiza.com.br,,ERRO: timeout na conexão,ERRO: timeout na conexão
sirigueijo-elasticsearch-gcp-internal.magazineluiza.com.br,,ERRO: timeout na conexão,ERRO: timeout na conexão
siriguejo-api-internal.magazineluiza.com.br,magazineluiza.com.br,2026-05-15 13:26:32 UTC,2026-11-30 13:26:31 UTC
siriguejo-api.magazineluiza.com.br,magazineluiza.com.br,2026-05-15 13:26:32 UTC,2026-11-30 13:26:31 UTC
siscob-stage-origin.magazineluiza.com.br,,ERRO: timeout na conexão,ERRO: timeout na conexão
site-aws.magazineluiza.com.br,,ERRO: connect:errno=0,ERRO: connect:errno=0
site-gcp.magazineluiza.com.br,app.saucelabs.com,2025-06-23 00:00:00 UTC,2026-06-22 23:59:59 UTC
site-map.magazineluiza.com.br,,ERRO: timeout na conexão,ERRO: timeout na conexão
site-orgin.magazineluiza.com.br,bnf-test.marketpulse.co.kr,2026-05-22 02:39:37 UTC,2026-08-20 03:34:11 UTC
site-origin-aws-azion.magazineluiza.com.br,,ERRO: connect:errno=0,ERRO: connect:errno=0
site-origin-azion.magazineluiza.com.br,,ERRO: timeout na conexão,ERRO: timeout na conexão
site-origin-debug.magazineluiza.com.br,,ERRO: connect:errno=0,ERRO: connect:errno=0
site-origin-gcp.magazineluiza.com.br,bnf-test.marketpulse.co.kr,2026-05-22 02:39:37 UTC,2026-08-20 03:34:11 UTC
site-origin.magazineluiza.com.br,magazineluiza.com.br,2026-05-15 13:26:32 UTC,2026-11-30 13:26:31 UTC
sites.magazineluiza.com.br,,ERRO: timeout na conexão,ERRO: timeout na conexão
six-api-mgc.magazineluiza.com.br,magazineluiza.com.br,2026-05-15 13:26:32 UTC,2026-11-30 13:26:31 UTC
smart-content-sandbox.magazineluiza.com.br,,ERRO: timeout na conexão,ERRO: timeout na conexão
smaug.magazineluiza.com.br,*.magazineluiza.com.br,2025-05-08 00:00:00 UTC,2026-06-07 23:59:59 UTC
smithers-staging.magazineluiza.com.br,,ERRO: timeout na conexão,ERRO: timeout na conexão
smithers.magazineluiza.com.br,,ERRO: connect:errno=0,ERRO: connect:errno=0
smtp._domainkey.treinamentos.magazineluiza.com.br,,ERRO: connect:errno=0,ERRO: connect:errno=0
smtp3._domainkey.magazineluiza.com.br,,ERRO: connect:errno=0,ERRO: connect:errno=0
smtpml-srv2-internal.magazineluiza.com.br,,ERRO: timeout na conexão,ERRO: timeout na conexão
soaconsole-api.magazineluiza.com.br,magazineluiza.com.br,2026-05-15 13:26:32 UTC,2026-11-30 13:26:31 UTC
soaninha-loads-api-staging-internal.magazineluiza.com.br,,ERRO: timeout na conexão,ERRO: timeout na conexão
soaninha-loads-api-staging.magazineluiza.com.br,,ERRO: write:errno=0,ERRO: write:errno=0
soaninha-product-api-internal.magazineluiza.com.br,magazineluiza.com.br,2026-05-15 13:26:32 UTC,2026-11-30 13:26:31 UTC
soaninha-product-api-staging-internal.magazineluiza.com.br,,ERRO: timeout na conexão,ERRO: timeout na conexão
soaninha-product-api-staging.magazineluiza.com.br,,ERRO: write:errno=0,ERRO: write:errno=0
soaninha-product-api.magazineluiza.com.br,magazineluiza.com.br,2026-05-15 13:26:32 UTC,2026-11-30 13:26:31 UTC
soaninha-wcs-api-internal.magazineluiza.com.br,magazineluiza.com.br,2026-05-15 13:26:32 UTC,2026-11-30 13:26:31 UTC
soaninha-wcs-api-stage-internal.magazineluiza.com.br,,ERRO: timeout na conexão,ERRO: timeout na conexão
soaninha-wcs-api-stage.magazineluiza.com.br,veolia-sso-dev.kubernetes.pw,2024-06-27 13:19:43 UTC,2024-09-25 14:10:14 UTC
soaninha-wcs-api.magazineluiza.com.br,magazineluiza.com.br,2026-05-15 13:26:32 UTC,2026-11-30 13:26:31 UTC
solr-b2b-internal.magazineluiza.com.br,,ERRO: timeout na conexão,ERRO: timeout na conexão
solr-cloud-internal.magazineluiza.com.br,,ERRO: connect:errno=0,ERRO: connect:errno=0
solr-cloud-public.magazineluiza.com.br,,ERRO: connect:errno=0,ERRO: connect:errno=0
solr-sherlock-internal.magazineluiza.com.br,,ERRO: timeout na conexão,ERRO: timeout na conexão
solr-slave-internal-blue.magazineluiza.com.br,,ERRO: connect:errno=0,ERRO: connect:errno=0
solr-slave-internal.magazineluiza.com.br,,ERRO: timeout na conexão,ERRO: timeout na conexão
solr-slave-origin.magazineluiza.com.br,,ERRO: connect:errno=0,ERRO: connect:errno=0
solr-slave.magazineluiza.com.br,,ERRO: connect:errno=0,ERRO: connect:errno=0
sonny-pontos-fisicos-a.magazineluiza.com.br,,ERRO: write:errno=0,ERRO: write:errno=0
sonohara-api-internal.magazineluiza.com.br,magazineluiza.com.br,2026-05-15 13:26:32 UTC,2026-11-30 13:26:31 UTC
sonohara-api-origin.magazineluiza.com.br,magazineluiza.com.br,2026-05-15 13:26:32 UTC,2026-11-30 13:26:31 UTC
sonohara-api-staging.magazineluiza.com.br,,ERRO: write:errno=0,ERRO: write:errno=0
sonohara-proxy-internal.magazineluiza.com.br,,ERRO: timeout na conexão,ERRO: timeout na conexão
sonohara-proxy-staging.magazineluiza.com.br,,ERRO: timeout na conexão,ERRO: timeout na conexão
sp-1.www.magazineluiza.com.br,,ERRO: connect:errno=0,ERRO: connect:errno=0
sp-2.www.magazineluiza.com.br,,ERRO: connect:errno=0,ERRO: connect:errno=0
sp-3.www.magazineluiza.com.br,,ERRO: connect:errno=0,ERRO: connect:errno=0
sp-mach-5-api-front-internal.magazineluiza.com.br,magazineluiza.com.br,2026-05-15 13:26:32 UTC,2026-11-30 13:26:31 UTC
sp-mach-5-api-front-staging.magazineluiza.com.br,*.magazineluiza.com.br,2025-05-08 00:00:00 UTC,2026-06-07 23:59:59 UTC
sp-mach-5-api-front.magazineluiza.com.br,magazineluiza.com.br,2026-05-15 13:26:32 UTC,2026-11-30 13:26:31 UTC
sp-mach-5-api-internal.magazineluiza.com.br,magazineluiza.com.br,2026-05-15 13:26:32 UTC,2026-11-30 13:26:31 UTC
sp-mach-5-api.magazineluiza.com.br,magazineluiza.com.br,2026-05-15 13:26:32 UTC,2026-11-30 13:26:31 UTC
sp-mach5-api-front.magazineluiza.com.br,,ERRO: write:errno=0,ERRO: write:errno=0
sp-mach5-api-staging-internal.magazineluiza.com.br,,ERRO: timeout na conexão,ERRO: timeout na conexão
sp-mach5-api-staging.magazineluiza.com.br,,ERRO: write:errno=0,ERRO: write:errno=0
sp-mach5-api.magazineluiza.com.br,,ERRO: write:errno=0,ERRO: write:errno=0
sp-sparky-api-internal.magazineluiza.com.br,magazineluiza.com.br,2026-05-15 13:26:32 UTC,2026-11-30 13:26:31 UTC
sp-sparky-api-knaap.magazineluiza.com.br,magazineluiza.com.br,2026-05-15 13:26:32 UTC,2026-11-30 13:26:31 UTC
sp-sparky-api-staging-internal.magazineluiza.com.br,,ERRO: timeout na conexão,ERRO: timeout na conexão
sp-sparky-api-staging.magazineluiza.com.br,*.magazineluiza.com.br,2025-05-08 00:00:00 UTC,2026-06-07 23:59:59 UTC
sp-sparky-api.magazineluiza.com.br,magazineluiza.com.br,2026-05-15 13:26:32 UTC,2026-11-30 13:26:31 UTC
sp-speed-racer-api-internal.magazineluiza.com.br,,ERRO: timeout na conexão,ERRO: timeout na conexão
sp-speed-racer-api-staging-internal.magazineluiza.com.br,,ERRO: timeout na conexão,ERRO: timeout na conexão
sp-speed-racer-sub-staging-internal.magazineluiza.com.br,,ERRO: timeout na conexão,ERRO: timeout na conexão
sp-trixie-api-front-internal.magazineluiza.com.br,magazineluiza.com.br,2026-05-15 13:26:32 UTC,2026-11-30 13:26:31 UTC
sp-trixie-api-front-staging-internal.magazineluiza.com.br,,ERRO: timeout na conexão,ERRO: timeout na conexão
sp-trixie-api-front-staging.magazineluiza.com.br,*.magazineluiza.com.br,2025-05-08 00:00:00 UTC,2026-06-07 23:59:59 UTC
sp-trixie-api-front.magazineluiza.com.br,magazineluiza.com.br,2026-05-15 13:26:32 UTC,2026-11-30 13:26:31 UTC
sp-trixie-api-internal.magazineluiza.com.br,magazineluiza.com.br,2026-05-15 13:26:32 UTC,2026-11-30 13:26:31 UTC
sp-trixie-api-staging-internal.magazineluiza.com.br,,ERRO: timeout na conexão,ERRO: timeout na conexão
sp-trixie-api.magazineluiza.com.br,magazineluiza.com.br,2026-05-15 13:26:32 UTC,2026-11-30 13:26:31 UTC
sp1a.magazineluiza.com.br,,ERRO: connect:errno=0,ERRO: connect:errno=0
sp1b.magazineluiza.com.br,,ERRO: connect:errno=0,ERRO: connect:errno=0
spa-api-internal.magazineluiza.com.br,magazineluiza.com.br,2026-05-15 13:26:32 UTC,2026-11-30 13:26:31 UTC
spa-api-staging-internal.magazineluiza.com.br,,ERRO: timeout na conexão,ERRO: timeout na conexão
spa-api-staging.magazineluiza.com.br,,ERRO: write:errno=0,ERRO: write:errno=0
spa-api.magazineluiza.com.br,magazineluiza.com.br,2026-05-15 13:26:32 UTC,2026-11-30 13:26:31 UTC
spa-gcp.magazineluiza.com.br,,ERRO: write:errno=0,ERRO: write:errno=0
spa-internal.magazineluiza.com.br,,ERRO: timeout na conexão,ERRO: timeout na conexão
spa-staging.magazineluiza.com.br,,ERRO: timeout na conexão,ERRO: timeout na conexão
spa-temp.magazineluiza.com.br,,ERRO: write:errno=0,ERRO: write:errno=0
spa.magazineluiza.com.br,,ERRO: connect:errno=0,ERRO: connect:errno=0
sparky-outbound-internal.magazineluiza.com.br,magazineluiza.com.br,2026-05-15 13:26:32 UTC,2026-11-30 13:26:31 UTC
sparky-outbound-stage-internal.magazineluiza.com.br,,ERRO: timeout na conexão,ERRO: timeout na conexão
sparky-outbound-stage.magazineluiza.com.br,*.purplelab.com,2026-05-20 03:16:07 UTC,2026-08-18 03:16:06 UTC
sparky-outbound.magazineluiza.com.br,magazineluiza.com.br,2026-05-15 13:26:32 UTC,2026-11-30 13:26:31 UTC
spaservice.magazineluiza.com.br,,ERRO: connect:errno=0,ERRO: connect:errno=0
spbservice.magazineluiza.com.br,,ERRO: connect:errno=0,ERRO: connect:errno=0
speed-racer-api-v2-internal.magazineluiza.com.br,magazineluiza.com.br,2026-05-15 13:26:32 UTC,2026-11-30 13:26:31 UTC
speed-racer-api-v2-staging-internal.magazineluiza.com.br,,ERRO: timeout na conexão,ERRO: timeout na conexão
speed-racer-api-v2.magazineluiza.com.br,magazineluiza.com.br,2026-05-15 13:26:32 UTC,2026-11-30 13:26:31 UTC
speedracer-api-front-internal.magazineluiza.com.br,magazineluiza.com.br,2026-05-15 13:26:32 UTC,2026-11-30 13:26:31 UTC
speedracer-api-front-staging.magazineluiza.com.br,*.magazineluiza.com.br,2025-05-08 00:00:00 UTC,2026-06-07 23:59:59 UTC
speedracer-api-front.magazineluiza.com.br,magazineluiza.com.br,2026-05-15 13:26:32 UTC,2026-11-30 13:26:31 UTC
speedracer-api-internal.magazineluiza.com.br,magazineluiza.com.br,2026-05-15 13:26:32 UTC,2026-11-30 13:26:31 UTC
speedracer-api.magazineluiza.com.br,magazineluiza.com.br,2026-05-15 13:26:32 UTC,2026-11-30 13:26:31 UTC
speedracer-consumer-internal.magazineluiza.com.br,,ERRO: timeout na conexão,ERRO: timeout na conexão
speedracer-orders-api-internal.magazineluiza.com.br,,ERRO: timeout na conexão,ERRO: timeout na conexão
speedracer-orders-api-staging.magazineluiza.com.br,,ERRO: write:errno=0,ERRO: write:errno=0
speedracer-orders-api.magazineluiza.com.br,,ERRO: write:errno=0,ERRO: write:errno=0
speedracer-producer-api-internal.magazineluiza.com.br,magazineluiza.com.br,2026-05-15 13:26:32 UTC,2026-11-30 13:26:31 UTC
speedracer-producer-api-staging-internal.magazineluiza.com.br,,ERRO: timeout na conexão,ERRO: timeout na conexão
speedracer-producer-api.magazineluiza.com.br,magazineluiza.com.br,2026-05-15 13:26:32 UTC,2026-11-30 13:26:31 UTC
speedracer-sub.magazineluiza.com.br,magazineluiza.com.br,2026-05-15 13:26:32 UTC,2026-11-30 13:26:31 UTC
speedracer-wcs-consumer-staging-internal.magazineluiza.com.br,,ERRO: timeout na conexão,ERRO: timeout na conexão
spinnaker-api-hml.magazineluiza.com.br,,ERRO: timeout na conexão,ERRO: timeout na conexão
spinnaker-hml.magazineluiza.com.br,,ERRO: timeout na conexão,ERRO: timeout na conexão
splinter-api-sandbox.magazineluiza.com.br,,ERRO: timeout na conexão,ERRO: timeout na conexão
splinter-api.magazineluiza.com.br,clinic.ca.overjet.ai,2026-05-04 03:48:46 UTC,2026-08-02 03:48:45 UTC
spmcd.magazineluiza.com.br,,ERRO: connect:errno=0,ERRO: connect:errno=0
spmcda.magazineluiza.com.br,,ERRO: connect:errno=0,ERRO: connect:errno=0
spmcdb.magazineluiza.com.br,,ERRO: connect:errno=0,ERRO: connect:errno=0
spmcdc.magazineluiza.com.br,,ERRO: connect:errno=0,ERRO: connect:errno=0
spock-api.magazineluiza.com.br,magazineluiza.com.br,2026-05-15 13:26:32 UTC,2026-11-30 13:26:31 UTC
spring-keycloak-auth-stage.magazineluiza.com.br,,ERRO: timeout na conexão,ERRO: timeout na conexão
spservice.magazineluiza.com.br,,ERRO: connect:errno=0,ERRO: connect:errno=0
spy.magazineluiza.com.br,,ERRO: connect:errno=0,ERRO: connect:errno=0
spz.magazineluiza.com.br,,ERRO: connect:errno=0,ERRO: connect:errno=0
sql-gcp-staging-mobile.magazineluiza.com.br,,ERRO: timeout na conexão,ERRO: timeout na conexão
squad-admcaixa.magazineluiza.com.br,,ERRO: timeout na conexão,ERRO: timeout na conexão
sr-barriga-admin.magazineluiza.com.br,,ERRO: write:errno=0,ERRO: write:errno=0
sr-barriga-api-internal.magazineluiza.com.br,,ERRO: timeout na conexão,ERRO: timeout na conexão
sr-barriga-api-staging-internal.magazineluiza.com.br,,ERRO: timeout na conexão,ERRO: timeout na conexão
sr-barriga-api.magazineluiza.com.br,,ERRO: write:errno=0,ERRO: write:errno=0
sr-barriga-redis-master-staging-internal.magazineluiza.com.br,,ERRO: timeout na conexão,ERRO: timeout na conexão
ssgservice.magazineluiza.com.br,,ERRO: connect:errno=0,ERRO: connect:errno=0
sslviagens.magazineluiza.com.br,,ERRO: timeout na conexão,ERRO: timeout na conexão
stage-baker-ar.magazineluiza.com.br,,ERRO: timeout na conexão,ERRO: timeout na conexão
stage-baker-requisition.magazineluiza.com.br,,ERRO: connect:errno=0,ERRO: connect:errno=0
stage-baker-supplier.magazineluiza.com.br,,ERRO: timeout na conexão,ERRO: timeout na conexão
stage-c3po.magazineluiza.com.br,,ERRO: connect:errno=0,ERRO: connect:errno=0
stage-comercial-vendas.magazineluiza.com.br,,ERRO: connect:errno=0,ERRO: connect:errno=0
stage-dionisio-api.magazineluiza.com.br,,ERRO: connect:errno=0,ERRO: connect:errno=0
stage-dionisio-generic-orquestration.magazineluiza.com.br,,ERRO: connect:errno=0,ERRO: connect:errno=0
stage-dionisio-submissao-equals-worker.magazineluiza.com.br,,ERRO: connect:errno=0,ERRO: connect:errno=0
stage-dionisio-web.magazineluiza.com.br,,ERRO: connect:errno=0,ERRO: connect:errno=0
stage-document-signature-api.magazineluiza.com.br,,ERRO: connect:errno=0,ERRO: connect:errno=0
stage-gestaocorp-glconnect-batch.magazineluiza.com.br,,ERRO: connect:errno=0,ERRO: connect:errno=0
stage-glconnect-api-internal.magazineluiza.com.br,,ERRO: timeout na conexão,ERRO: timeout na conexão
stage-jack-integra-ap.magazineluiza.com.br,,ERRO: connect:errno=0,ERRO: connect:errno=0
stage-jack-integra-ar.magazineluiza.com.br,,ERRO: connect:errno=0,ERRO: connect:errno=0
stage-jack-integra-equals-cancelamentos.magazineluiza.com.br,,ERRO: timeout na conexão,ERRO: timeout na conexão
stage-jack-integra-equals-vendas.magazineluiza.com.br,,ERRO: timeout na conexão,ERRO: timeout na conexão
stage-jack-integra-equals.magazineluiza.com.br,,ERRO: timeout na conexão,ERRO: timeout na conexão
stage-jack-integra-fiscal.magazineluiza.com.br,,ERRO: timeout na conexão,ERRO: timeout na conexão
stage-jack-integra-gl.magazineluiza.com.br,,ERRO: timeout na conexão,ERRO: timeout na conexão
stage-jack-split.magazineluiza.com.br,,ERRO: timeout na conexão,ERRO: timeout na conexão
stage-jaimito-gcp.magazineluiza.com.br,*.magazineluiza.com.br,2025-05-08 00:00:00 UTC,2026-06-07 23:59:59 UTC
stage-jaimito.magazineluiza.com.br,*.magazineluiza.com.br,2025-05-08 00:00:00 UTC,2026-06-07 23:59:59 UTC
stage-lia.magazineluiza.com.br,,ERRO: connect:errno=0,ERRO: connect:errno=0
stage-magalu-entregas-conciliacao-api.magazineluiza.com.br,,ERRO: connect:errno=0,ERRO: connect:errno=0
stage-mlat-api.magazineluiza.com.br,,ERRO: write:errno=0,ERRO: write:errno=0
stage-pegasus-cancellations.magazineluiza.com.br,,ERRO: connect:errno=0,ERRO: connect:errno=0
stage-pegasus-cashier.magazineluiza.com.br,,ERRO: timeout na conexão,ERRO: timeout na conexão
stage-pegasus-orders-worker.magazineluiza.com.br,,ERRO: timeout na conexão,ERRO: timeout na conexão
stage-pegasus-orders.magazineluiza.com.br,,ERRO: connect:errno=0,ERRO: connect:errno=0
stage-pegasus-receipts.magazineluiza.com.br,,ERRO: connect:errno=0,ERRO: connect:errno=0
stage-pendencia-zero.magazineluiza.com.br,,ERRO: connect:errno=0,ERRO: connect:errno=0
stage-poman-api.magazineluiza.com.br,,ERRO: timeout na conexão,ERRO: timeout na conexão
stage-repasse-balboa-api.magazineluiza.com.br,,ERRO: connect:errno=11,ERRO: connect:errno=11
stage-soaconsole-api-internal.magazineluiza.com.br,,ERRO: timeout na conexão,ERRO: timeout na conexão
stage-stockfix.magazineluiza.com.br,,ERRO: timeout na conexão,ERRO: timeout na conexão
stage-tiopatinhas.magazineluiza.com.br,,ERRO: timeout na conexão,ERRO: timeout na conexão
stage-transferpartners-api.magazineluiza.com.br,,ERRO: timeout na conexão,ERRO: timeout na conexão
stage-worker-carga-cancelamento-manual.magazineluiza.com.br,,ERRO: timeout na conexão,ERRO: timeout na conexão
stage1-luiza-travel-api.magazineluiza.com.br,,ERRO: connect:errno=11,ERRO: connect:errno=11
stage1-luiza-travel-web.magazineluiza.com.br,,ERRO: connect:errno=11,ERRO: connect:errno=11
stage2-luiza-travel-api.magazineluiza.com.br,,ERRO: timeout na conexão,ERRO: timeout na conexão
stage2-luiza-travel-web.magazineluiza.com.br,,ERRO: timeout na conexão,ERRO: timeout na conexão
staging-repasse-api.magazineluiza.com.br,,ERRO: timeout na conexão,ERRO: timeout na conexão
staging-test.magazineluiza.com.br,,ERRO: timeout na conexão,ERRO: timeout na conexão
staging.magazineluiza.com.br,,ERRO: connect:errno=11,ERRO: connect:errno=11
star-tracking-api-staging.magazineluiza.com.br,,ERRO: timeout na conexão,ERRO: timeout na conexão
stargate-api.magazineluiza.com.br,,ERRO: timeout na conexão,ERRO: timeout na conexão
stargate-staging.magazineluiza.com.br,,ERRO: timeout na conexão,ERRO: timeout na conexão
static-tst.magazineluiza.com.br,,ERRO: timeout na conexão,ERRO: timeout na conexão
status-api-suricat.magazineluiza.com.br,,ERRO: timeout na conexão,ERRO: timeout na conexão
status-gateway.magazineluiza.com.br,,ERRO: timeout na conexão,ERRO: timeout na conexão
stock-count-api-pilot.magazineluiza.com.br,,ERRO: timeout na conexão,ERRO: timeout na conexão
stock-count-api.magazineluiza.com.br,magazineluiza.com.br,2026-05-15 13:26:32 UTC,2026-11-30 13:26:31 UTC
stock-count-products-api-internal.magazineluiza.com.br,magazineluiza.com.br,2026-05-15 13:26:32 UTC,2026-11-30 13:26:31 UTC
stock-count-products-api.magazineluiza.com.br,magazineluiza.com.br,2026-05-15 13:26:32 UTC,2026-11-30 13:26:31 UTC
stockist-api.magazineluiza.com.br,magazineluiza.com.br,2026-05-15 13:26:32 UTC,2026-11-30 13:26:31 UTC
stockist-devolutions-api-staging.magazineluiza.com.br,,ERRO: connect:errno=0,ERRO: connect:errno=0
stockist-devolutions-api.magazineluiza.com.br,,ERRO: connect:errno=0,ERRO: connect:errno=0
stockist-integration-staging.magazineluiza.com.br,,ERRO: timeout na conexão,ERRO: timeout na conexão
stockist-orders-api-internal.magazineluiza.com.br,magazineluiza.com.br,2026-05-15 13:26:32 UTC,2026-11-30 13:26:31 UTC
stockist-orders-api.magazineluiza.com.br,magazineluiza.com.br,2026-05-15 13:26:32 UTC,2026-11-30 13:26:31 UTC
stockist-queue-api-staging.magazineluiza.com.br,,ERRO: connect:errno=0,ERRO: connect:errno=0
stockist-rules-api-internal.magazineluiza.com.br,magazineluiza.com.br,2026-05-15 13:26:32 UTC,2026-11-30 13:26:31 UTC
stockist-rules-api.magazineluiza.com.br,magazineluiza.com.br,2026-05-15 13:26:32 UTC,2026-11-30 13:26:31 UTC
stockist-separations-api-alpha-internal.magazineluiza.com.br,magazineluiza.com.br,2026-05-15 13:26:32 UTC,2026-11-30 13:26:31 UTC
stockist-separations-api-alpha.magazineluiza.com.br,magazineluiza.com.br,2026-05-15 13:26:32 UTC,2026-11-30 13:26:31 UTC
stockist-separations-api-internal.magazineluiza.com.br,magazineluiza.com.br,2026-05-15 13:26:32 UTC,2026-11-30 13:26:31 UTC
stockist-separations-api.magazineluiza.com.br,magazineluiza.com.br,2026-05-15 13:26:32 UTC,2026-11-30 13:26:31 UTC
stonehenge-staging.magazineluiza.com.br,,ERRO: timeout na conexão,ERRO: timeout na conexão
stoq-conector-staging-gcp.magazineluiza.com.br,,ERRO: timeout na conexão,ERRO: timeout na conexão
store-stock-inventory-api-stage.magazineluiza.com.br,,ERRO: timeout na conexão,ERRO: timeout na conexão
stores-ms-gtw.magazineluiza.com.br,magazineluiza.com.br,2026-05-15 13:26:32 UTC,2026-11-30 13:26:31 UTC
stores-ms-staging.magazineluiza.com.br,,ERRO: timeout na conexão,ERRO: timeout na conexão
stores-ms-teresa-temp.magazineluiza.com.br,bbb-client-staging.lessonwise.org,2026-04-23 21:24:40 UTC,2026-07-22 22:18:13 UTC
stores-solr.magazineluiza.com.br,,ERRO: timeout na conexão,ERRO: timeout na conexão
stranger-api-hml-internal.magazineluiza.com.br,magazineluiza.com.br,2026-05-15 13:26:32 UTC,2026-11-30 13:26:31 UTC
stranger-api-internal.magazineluiza.com.br,,ERRO: timeout na conexão,ERRO: timeout na conexão
stranger-staging.magazineluiza.com.br,,ERRO: timeout na conexão,ERRO: timeout na conexão
stranger-web.magazineluiza.com.br,,ERRO: timeout na conexão,ERRO: timeout na conexão
supply-api-sandbox.magazineluiza.com.br,,ERRO: timeout na conexão,ERRO: timeout na conexão
susanoo-api-internal.magazineluiza.com.br,magazineluiza.com.br,2026-05-15 13:26:32 UTC,2026-11-30 13:26:31 UTC
susanoo-api-origin.magazineluiza.com.br,gofar1.com,2026-04-14 19:13:18 UTC,2026-07-13 20:07:11 UTC
susanoo-api-staging.magazineluiza.com.br,,ERRO: timeout na conexão,ERRO: timeout na conexão
susanoo-api.magazineluiza.com.br,magazineluiza.com.br,2026-05-15 13:26:32 UTC,2026-11-30 13:26:31 UTC
susanoo-worker-staging.magazineluiza.com.br,,ERRO: timeout na conexão,ERRO: timeout na conexão
svc-tst2.magazineluiza.com.br,,ERRO: timeout na conexão,ERRO: timeout na conexão
tagbox.magazineluiza.com.br,,ERRO: connect:errno=11,ERRO: connect:errno=11
tangamandapio-api-internal.magazineluiza.com.br,magazineluiza.com.br,2026-05-15 13:26:32 UTC,2026-11-30 13:26:31 UTC
tangamandapio-api-staging-internal.magazineluiza.com.br,,ERRO: timeout na conexão,ERRO: timeout na conexão
tardis-stage.magazineluiza.com.br,*.magazineluiza.com.br,2025-05-08 00:00:00 UTC,2026-06-07 23:59:59 UTC
tardis.magazineluiza.com.br,magazineluiza.com.br,2026-05-15 13:26:32 UTC,2026-11-30 13:26:31 UTC
tarsila.magazineluiza.com.br,,ERRO: connect:errno=11,ERRO: connect:errno=11
taz-api-internal.magazineluiza.com.br,magazineluiza.com.br,2026-05-15 13:26:32 UTC,2026-11-30 13:26:31 UTC
taz-api-origin.magazineluiza.com.br,magazineluiza.com.br,2026-05-15 13:26:32 UTC,2026-11-30 13:26:31 UTC
taz-api-sandbox-origin.magazineluiza.com.br,,ERRO: timeout na conexão,ERRO: timeout na conexão
taz-consumer-redis.magazineluiza.com.br,,ERRO: connect:errno=0,ERRO: connect:errno=0
taz-mongocs01.magazineluiza.com.br,,ERRO: timeout na conexão,ERRO: timeout na conexão
taz-mongocs02.magazineluiza.com.br,,ERRO: timeout na conexão,ERRO: timeout na conexão
taz-mongocs03.magazineluiza.com.br,,ERRO: timeout na conexão,ERRO: timeout na conexão
taz-poller-redis.magazineluiza.com.br,,ERRO: connect:errno=0,ERRO: connect:errno=0
tche-internal.magazineluiza.com.br,magazineluiza.com.br,2026-05-15 13:26:32 UTC,2026-11-30 13:26:31 UTC
tche-mgc.magazineluiza.com.br,magazineluiza.com.br,2026-05-15 13:26:32 UTC,2026-11-30 13:26:31 UTC
teffranca.magazineluiza.com.br,,ERRO: timeout na conexão,ERRO: timeout na conexão
tefibm.magazineluiza.com.br,,ERRO: timeout na conexão,ERRO: timeout na conexão
tefuol.magazineluiza.com.br,,ERRO: timeout na conexão,ERRO: timeout na conexão
temp-whatsapp-webhook-prod.magazineluiza.com.br,*.apiluiza.com.br,2025-07-02 00:00:00 UTC,2026-08-01 23:59:59 UTC
template-go-echo-stage-api.magazineluiza.com.br,,ERRO: timeout na conexão,ERRO: timeout na conexão
teresa-dados.magazineluiza.com.br,,ERRO: timeout na conexão,ERRO: timeout na conexão
teresa-dict-sa.magazineluiza.com.br,,ERRO: timeout na conexão,ERRO: timeout na conexão
teresa-digital-production.magazineluiza.com.br,,ERRO: timeout na conexão,ERRO: timeout na conexão
teresa-digital-worker.magazineluiza.com.br,,ERRO: timeout na conexão,ERRO: timeout na conexão
teresa-gcp-infra.magazineluiza.com.br,,ERRO: timeout na conexão,ERRO: timeout na conexão
teresa-gcp-staging-gcs.magazineluiza.com.br,,ERRO: timeout na conexão,ERRO: timeout na conexão
teresa-gcp-staging-minio.magazineluiza.com.br,,ERRO: timeout na conexão,ERRO: timeout na conexão
teresa-gcp-staging.magazineluiza.com.br,,ERRO: timeout na conexão,ERRO: timeout na conexão
teresa-gcp.magazineluiza.com.br,,ERRO: timeout na conexão,ERRO: timeout na conexão
teresa-gke-magalu-inteligencia-comercial.magazineluiza.com.br,,ERRO: timeout na conexão,ERRO: timeout na conexão
teresa-gpc-regional-validate.magazineluiza.com.br,,ERRO: timeout na conexão,ERRO: timeout na conexão
teresa-gpc-regional.magazineluiza.com.br,,ERRO: timeout na conexão,ERRO: timeout na conexão
teresa-hackathon.magazineluiza.com.br,,ERRO: timeout na conexão,ERRO: timeout na conexão
teresa-magalu-ads.magazineluiza.com.br,,ERRO: timeout na conexão,ERRO: timeout na conexão
teresa-magalu-lojas-b.magazineluiza.com.br,,ERRO: timeout na conexão,ERRO: timeout na conexão
teresa-onprem.magazineluiza.com.br,,ERRO: connect:errno=0,ERRO: connect:errno=0
teresa-onpremise.magazineluiza.com.br,,ERRO: timeout na conexão,ERRO: timeout na conexão
teresa-prod-backoffice-navigation.magazineluiza.com.br,,ERRO: timeout na conexão,ERRO: timeout na conexão
teresa-prod-cliente-a.magazineluiza.com.br,,ERRO: timeout na conexão,ERRO: timeout na conexão
teresa-prod-cliente.magazineluiza.com.br,34.95.173.137,2026-05-16 08:16:58 UTC,2031-05-15 08:18:58 UTC
teresa-prod-digital-busca.magazineluiza.com.br,,ERRO: timeout na conexão,ERRO: timeout na conexão
teresa-prod-digital-catalogo.magazineluiza.com.br,,ERRO: timeout na conexão,ERRO: timeout na conexão
teresa-prod-digital-ecomm-navigation-a.magazineluiza.com.br,,ERRO: timeout na conexão,ERRO: timeout na conexão
teresa-prod-digital-nav.magazineluiza.com.br,,ERRO: timeout na conexão,ERRO: timeout na conexão
teresa-prod-digital-navigation-gcs.magazineluiza.com.br,,ERRO: timeout na conexão,ERRO: timeout na conexão
teresa-prod-digital-navigation.magazineluiza.com.br,,ERRO: timeout na conexão,ERRO: timeout na conexão
teresa-prod-digital-pricing.magazineluiza.com.br,CloudFlare Origin Certificate,2024-07-02 13:53:00 UTC,2039-06-29 13:53:00 UTC
teresa-prod-digital-production.magazineluiza.com.br,,ERRO: timeout na conexão,ERRO: timeout na conexão
teresa-prod-digital-worker-gcs.magazineluiza.com.br,,ERRO: timeout na conexão,ERRO: timeout na conexão
teresa-prod-digital-worker-minio.magazineluiza.com.br,,ERRO: timeout na conexão,ERRO: timeout na conexão
teresa-prod-digital-worker.magazineluiza.com.br,,ERRO: timeout na conexão,ERRO: timeout na conexão
teresa-prod-gestao-corporativa.magazineluiza.com.br,,ERRO: timeout na conexão,ERRO: timeout na conexão
teresa-prod-inteligencia-comercial-validate.magazineluiza.com.br,,ERRO: timeout na conexão,ERRO: timeout na conexão
teresa-prod-inteligencia-comercial.magazineluiza.com.br,,ERRO: timeout na conexão,ERRO: timeout na conexão
teresa-prod-logistica-a.magazineluiza.com.br,,ERRO: timeout na conexão,ERRO: timeout na conexão
teresa-prod-logistica-b.magazineluiza.com.br,,ERRO: timeout na conexão,ERRO: timeout na conexão
teresa-prod-logistica.magazineluiza.com.br,,ERRO: timeout na conexão,ERRO: timeout na conexão
teresa-prod-magalu-inteligencia.magazineluiza.com.br,,ERRO: timeout na conexão,ERRO: timeout na conexão
teresa-prod-multicanalidade-transaction-gcs.magazineluiza.com.br,,ERRO: timeout na conexão,ERRO: timeout na conexão
teresa-prod-multicanalidade-transaction.magazineluiza.com.br,,ERRO: timeout na conexão,ERRO: timeout na conexão
teresa-prod-multicanalidade-worker-gcs.magazineluiza.com.br,,ERRO: timeout na conexão,ERRO: timeout na conexão
teresa-prod-multicanalidade-worker.magazineluiza.com.br,,ERRO: timeout na conexão,ERRO: timeout na conexão
teresa-prod-pontos-fisicos-a.magazineluiza.com.br,,ERRO: timeout na conexão,ERRO: timeout na conexão
teresa-prod-pontos-fisicos.magazineluiza.com.br,,ERRO: timeout na conexão,ERRO: timeout na conexão
teresa-prod-seguranca.magazineluiza.com.br,,ERRO: timeout na conexão,ERRO: timeout na conexão
teresa-prod-stores-navigation.magazineluiza.com.br,,ERRO: timeout na conexão,ERRO: timeout na conexão
teresa-prod-stores-transaction-gcs.magazineluiza.com.br,,ERRO: timeout na conexão,ERRO: timeout na conexão
teresa-prod-stores-transaction.magazineluiza.com.br,,ERRO: timeout na conexão,ERRO: timeout na conexão
teresa-prod-stores-worker-gcs.magazineluiza.com.br,,ERRO: timeout na conexão,ERRO: timeout na conexão
teresa-prod-stores-worker.magazineluiza.com.br,,ERRO: timeout na conexão,ERRO: timeout na conexão
teresa-production-magalu-transaction.magazineluiza.com.br,,ERRO: timeout na conexão,ERRO: timeout na conexão
teresa-staging-onprem.magazineluiza.com.br,,ERRO: connect:errno=0,ERRO: connect:errno=0
teresa-staging-us-east-1.magazineluiza.com.br,,ERRO: connect:errno=0,ERRO: connect:errno=0
teresa-staging.magazineluiza.com.br,,ERRO: connect:errno=0,ERRO: connect:errno=0
teresa-temp-juju.magazineluiza.com.br,,ERRO: timeout na conexão,ERRO: timeout na conexão
teresa-temp.magazineluiza.com.br,,ERRO: timeout na conexão,ERRO: timeout na conexão
teresa-test-upgrade.magazineluiza.com.br,,ERRO: timeout na conexão,ERRO: timeout na conexão
teresa-us-east-1.magazineluiza.com.br,,ERRO: connect:errno=0,ERRO: connect:errno=0
teresa-worker-a.magazineluiza.com.br,,ERRO: timeout na conexão,ERRO: timeout na conexão
teresa-worker-production.magazineluiza.com.br,,ERRO: timeout na conexão,ERRO: timeout na conexão
teresa.magazineluiza.com.br,,ERRO: connect:errno=0,ERRO: connect:errno=0
terminal-de-consulta.magazineluiza.com.br,magazineluiza.com.br,2026-05-15 13:26:32 UTC,2026-11-30 13:26:31 UTC
terri-stage.magazineluiza.com.br,,ERRO: timeout na conexão,ERRO: timeout na conexão
terri-temp.magazineluiza.com.br,,ERRO: write:errno=0,ERRO: write:errno=0
terri.magazineluiza.com.br,*.atlan.com,2026-01-23 14:20:09 UTC,2027-02-11 12:18:28 UTC
test-suricat-weighted.magazineluiza.com.br,magazineluiza.com.br,2026-05-15 13:26:32 UTC,2026-11-30 13:26:31 UTC
test-suricat.magazineluiza.com.br,magazineluiza.com.br,2026-05-15 13:26:32 UTC,2026-11-30 13:26:31 UTC
test-upgrade-teresa.magazineluiza.com.br,,ERRO: timeout na conexão,ERRO: timeout na conexão
test.magazineluiza.com.br,,ERRO: timeout na conexão,ERRO: timeout na conexão
testapi-hml-origin.magazineluiza.com.br,,ERRO: timeout na conexão,ERRO: timeout na conexão
teste-gescorp-stage.magazineluiza.com.br,,ERRO: timeout na conexão,ERRO: timeout na conexão
teste-sq12.magazineluiza.com.br,,ERRO: timeout na conexão,ERRO: timeout na conexão
teste-temp.magazineluiza.com.br,,ERRO: 140667794707776:error:14094410:SSL routines:ssl3_read_bytes:sslv3 alert handshake failure:../ssl/record/rec_layer_s3.c:1552:SSL alert number 40,ERRO: 140667794707776:error:14094410:SSL routines:ssl3_read_bytes:sslv3 alert handshake failure:../ssl/record/rec_layer_s3.c:1552:SSL alert number 40
teste.magazineluiza.com.br,,ERRO: connect:errno=0,ERRO: connect:errno=0
testedumper.magazineluiza.com.br,*.luizalabs.com,2025-05-08 00:00:00 UTC,2026-06-07 23:59:59 UTC
thebigbrother.magazineluiza.com.br,magazineluiza.com.br,2026-05-15 13:26:32 UTC,2026-11-30 13:26:31 UTC
tiao-a-origin.magazineluiza.com.br,,ERRO: write:errno=0,ERRO: write:errno=0
tiao-b-origin.magazineluiza.com.br,regnology.cloud,2026-05-18 07:30:33 UTC,2026-08-16 07:30:32 UTC
timao-api.magazineluiza.com.br,magazineluiza.com.br,2026-05-15 13:26:32 UTC,2026-11-30 13:26:31 UTC
time-machine-sandbox.magazineluiza.com.br,,ERRO: timeout na conexão,ERRO: timeout na conexão
tio-patinhas-api-temp.magazineluiza.com.br,forestadmin.insightful.io,2026-05-16 01:03:03 UTC,2026-08-14 01:56:56 UTC
tio-patinhas-api.magazineluiza.com.br,magazineluiza.com.br,2026-05-15 13:26:32 UTC,2026-11-30 13:26:31 UTC
tmhlphf6exaw4ymt56s2io7l2i2xudt5._domainkey.magazineluiza.com.br,,ERRO: connect:errno=0,ERRO: connect:errno=0
tohru-internal.magazineluiza.com.br,,ERRO: timeout na conexão,ERRO: timeout na conexão
token-utils-api-stage.magazineluiza.com.br,,ERRO: timeout na conexão,ERRO: timeout na conexão
token-utils-api.magazineluiza.com.br,cdp-console.stg-reckoner-api.com,2026-04-12 03:35:39 UTC,2026-07-11 04:29:33 UTC
toolzip-staging.magazineluiza.com.br,,ERRO: connect:errno=0,ERRO: connect:errno=0
toolzip.magazineluiza.com.br,,ERRO: timeout na conexão,ERRO: timeout na conexão
toppings-stagin.magazineluiza.com.br,,ERRO: timeout na conexão,ERRO: timeout na conexão
toppings-staging.magazineluiza.com.br,,ERRO: timeout na conexão,ERRO: timeout na conexão
tostao-staging.magazineluiza.com.br,,ERRO: timeout na conexão,ERRO: timeout na conexão
tostao-tmp-gke.magazineluiza.com.br,,ERRO: timeout na conexão,ERRO: timeout na conexão
tostao.magazineluiza.com.br,,ERRO: timeout na conexão,ERRO: timeout na conexão
tower-bridge-api-staging-internal.magazineluiza.com.br,,ERRO: timeout na conexão,ERRO: timeout na conexão
tower-bridge-api-staging.magazineluiza.com.br,*.dentsplysirona.com,2025-11-20 18:46:43 UTC,2026-12-22 18:46:43 UTC
transbordo-estoque-ecom-rede-staging.magazineluiza.com.br,,ERRO: connect:errno=0,ERRO: connect:errno=0
transbordo-estoque-otb-api-production-tmp.magazineluiza.com.br,,ERRO: timeout na conexão,ERRO: timeout na conexão
transbordo-estoque-otb-api-production.magazineluiza.com.br,noise-cancelling.staging.skyway.ntt.com,2026-05-07 13:42:30 UTC,2026-08-05 14:37:25 UTC
transbordo-estoque-otb-staging-api.magazineluiza.com.br,,ERRO: connect:errno=0,ERRO: connect:errno=0
transferpartners-api.magazineluiza.com.br,,ERRO: timeout na conexão,ERRO: timeout na conexão
transformers-admin-logistica-a-temp.magazineluiza.com.br,*.magazineluiza.com.br,2025-05-08 00:00:00 UTC,2026-06-07 23:59:59 UTC
transformers-admin-stage.magazineluiza.com.br,,ERRO: timeout na conexão,ERRO: timeout na conexão
transformers-admin.magazineluiza.com.br,sandbox.fondo.se,2025-10-05 11:21:14 UTC,2026-01-03 11:21:13 UTC
transformers-api-stage-gcp.magazineluiza.com.br,*.magazineluiza.com.br,2025-05-08 00:00:00 UTC,2026-06-07 23:59:59 UTC
transformers-api-stage.magazineluiza.com.br,*.magazineluiza.com.br,2025-05-08 00:00:00 UTC,2026-06-07 23:59:59 UTC
transformers-barricade-api-stage-gcp.magazineluiza.com.br,*.magazineluiza.com.br,2025-05-08 00:00:00 UTC,2026-06-07 23:59:59 UTC
transformers-barricade-api-stage.magazineluiza.com.br,,ERRO: timeout na conexão,ERRO: timeout na conexão
transformers-barricade-api.magazineluiza.com.br,magazineluiza.com.br,2026-05-15 13:26:32 UTC,2026-11-30 13:26:31 UTC
transformers-bumblebee-api-gcp.magazineluiza.com.br,*.magazineluiza.com.br,2025-05-08 00:00:00 UTC,2026-06-07 23:59:59 UTC
transformers-bumblebee-api-internal.magazineluiza.com.br,,ERRO: timeout na conexão,ERRO: timeout na conexão
transformers-bumblebee-api-stage-gcp.magazineluiza.com.br,openam-deloitte-be.forgeblocks.com,2026-04-22 21:52:49 UTC,2026-07-21 22:47:38 UTC
transformers-bumblebee-api-stage.magazineluiza.com.br,,ERRO: connect:errno=0,ERRO: connect:errno=0
transformers-bumblebee-api.magazineluiza.com.br,*.magazineluiza.com.br,2025-05-08 00:00:00 UTC,2026-06-07 23:59:59 UTC
transformers-drift-api-stage-gcp.magazineluiza.com.br,*.magazineluiza.com.br,2025-05-08 00:00:00 UTC,2026-06-07 23:59:59 UTC
transformers-drift-api-stage.magazineluiza.com.br,*.magazineluiza.com.br,2025-05-08 00:00:00 UTC,2026-06-07 23:59:59 UTC
transformers-frenzy-api-stage-gcp.magazineluiza.com.br,*.magazineluiza.com.br,2025-05-08 00:00:00 UTC,2026-06-07 23:59:59 UTC
transformers-frenzy-api-stage.magazineluiza.com.br,*.magazineluiza.com.br,2025-05-08 00:00:00 UTC,2026-06-07 23:59:59 UTC
transformers-frenzy-api.magazineluiza.com.br,*.magazineluiza.com.br,2025-05-08 00:00:00 UTC,2026-06-07 23:59:59 UTC
transformers-go-drift-api-stage.magazineluiza.com.br,*.magazineluiza.com.br,2025-05-08 00:00:00 UTC,2026-06-07 23:59:59 UTC
transformers-go-drift-api-stagep-gcp.magazineluiza.com.br,,ERRO: timeout na conexão,ERRO: timeout na conexão
transformers-go-optimusprime-api-stage.magazineluiza.com.br,,ERRO: timeout na conexão,ERRO: timeout na conexão
transformers-ironhide-api-stage.magazineluiza.com.br,,ERRO: timeout na conexão,ERRO: timeout na conexão
transformers-jaimito-scheduler-stage-gcp.magazineluiza.com.br,*.magazineluiza.com.br,2025-05-08 00:00:00 UTC,2026-06-07 23:59:59 UTC
transformers-jaimito-worker-stage-gcp.magazineluiza.com.br,*.magazineluiza.com.br,2025-05-08 00:00:00 UTC,2026-06-07 23:59:59 UTC
transformers-jaspion-stage-gcp.magazineluiza.com.br,*.magazineluiza.com.br,2025-05-08 00:00:00 UTC,2026-06-07 23:59:59 UTC
transformers-jazz-api-gcp.magazineluiza.com.br,*.magazineluiza.com.br,2025-05-08 00:00:00 UTC,2026-06-07 23:59:59 UTC
transformers-jazz-api-stage-gc.magazineluiza.com.br,,ERRO: timeout na conexão,ERRO: timeout na conexão
transformers-jazz-api-stage-gcp.magazineluiza.com.br,*.magazineluiza.com.br,2025-05-08 00:00:00 UTC,2026-06-07 23:59:59 UTC
transformers-jazz-api-stage.magazineluiza.com.br,*.magazineluiza.com.br,2025-05-08 00:00:00 UTC,2026-06-07 23:59:59 UTC
transformers-jazz-api.magazineluiza.com.br,*.magazineluiza.com.br,2025-05-08 00:00:00 UTC,2026-06-07 23:59:59 UTC
transformers-jazz-backend-gcp.magazineluiza.com.br,*.magazineluiza.com.br,2025-05-08 00:00:00 UTC,2026-06-07 23:59:59 UTC
transformers-jazz-backend-stage-gcp.magazineluiza.com.br,,ERRO: timeout na conexão,ERRO: timeout na conexão
transformers-jazz-backend-stage.magazineluiza.com.br,,ERRO: connect:errno=11,ERRO: connect:errno=11
transformers-jazz-worker-stage-gcp.magazineluiza.com.br,,ERRO: timeout na conexão,ERRO: timeout na conexão
transformers-jazz-worker-stage.magazineluiza.com.br,,ERRO: connect:errno=11,ERRO: connect:errno=11
transformers-lockdown-api-stage-gcp.magazineluiza.com.br,,ERRO: timeout na conexão,ERRO: timeout na conexão
transformers-lockdown-api-stage.magazineluiza.com.br,,ERRO: connect:errno=0,ERRO: connect:errno=0
transformers-lockdown-api.magazineluiza.com.br,,ERRO: connect:errno=11,ERRO: connect:errno=11
transformers-luizamaps-geocoding-stage-gcp.magazineluiza.com.br,*.magazineluiza.com.br,2025-05-08 00:00:00 UTC,2026-06-07 23:59:59 UTC
transformers-luizamaps-geocoding-stage.magazineluiza.com.br,*.magazineluiza.com.br,2025-05-08 00:00:00 UTC,2026-06-07 23:59:59 UTC
transformers-luizamaps-worker-stage-gcp.magazineluiza.com.br,*.magazineluiza.com.br,2025-05-08 00:00:00 UTC,2026-06-07 23:59:59 UTC
transformers-luizamaps-worker-stage.magazineluiza.com.br,,ERRO: connect:errno=0,ERRO: connect:errno=0
transformers-magalog-backend-stage.magazineluiza.com.br,*.magazineluiza.com.br,2025-05-08 00:00:00 UTC,2026-06-07 23:59:59 UTC
transformers-magalog-origin.magazineluiza.com.br,*.magazineluiza.com.br,2025-05-08 00:00:00 UTC,2026-06-07 23:59:59 UTC
transformers-magalog-stage.magazineluiza.com.br,*.magazineluiza.com.br,2025-05-08 00:00:00 UTC,2026-06-07 23:59:59 UTC
transformers-magalog-temp.magazineluiza.com.br,*.magazineluiza.com.br,2021-08-24 00:00:00 UTC,2022-09-23 23:59:59 UTC
transformers-megatron-api-stage.magazineluiza.com.br,*.magazineluiza.com.br,2025-05-08 00:00:00 UTC,2026-06-07 23:59:59 UTC
transformers-megatron-api.magazineluiza.com.br,,ERRO: connect:errno=11,ERRO: connect:errno=11
transformers-megatron-backend-stage.magazineluiza.com.br,*.magazineluiza.com.br,2025-05-08 00:00:00 UTC,2026-06-07 23:59:59 UTC
transformers-optimusprime-api-stage-gcp.magazineluiza.com.br,,ERRO: timeout na conexão,ERRO: timeout na conexão
transformers-optimusprime-api-stage.magazineluiza.com.br,*.magazineluiza.com.br,2025-05-08 00:00:00 UTC,2026-06-07 23:59:59 UTC
transformers-optimusprime-backend-stage-gcp.magazineluiza.com.br,*.magazineluiza.com.br,2025-05-08 00:00:00 UTC,2026-06-07 23:59:59 UTC
transformers-optimusprime-backend-stage.magazineluiza.com.br,,ERRO: connect:errno=0,ERRO: connect:errno=0
transformers-optimusprime-worker-stage.magazineluiza.com.br,*.magazineluiza.com.br,2025-05-08 00:00:00 UTC,2026-06-07 23:59:59 UTC
transformers-pickuppoint-api-stage-gcp.magazineluiza.com.br,*.magazineluiza.com.br,2025-05-08 00:00:00 UTC,2026-06-07 23:59:59 UTC
transformers-pickuppoint-api-stage.magazineluiza.com.br,,ERRO: timeout na conexão,ERRO: timeout na conexão
transformers-pickuppoint-api.magazineluiza.com.br,process-discovery.uniphorecloud.com,2026-05-03 13:36:10 UTC,2026-08-01 14:31:03 UTC
transformers-ratchet-api-stage.magazineluiza.com.br,*.magazineluiza.com.br,2025-05-08 00:00:00 UTC,2026-06-07 23:59:59 UTC
transformers-stage.magazineluiza.com.br,*.magazineluiza.com.br,2025-05-08 00:00:00 UTC,2026-06-07 23:59:59 UTC
transformers-starscream-api-stage-gcp.magazineluiza.com.br,*.magazineluiza.com.br,2025-05-08 00:00:00 UTC,2026-06-07 23:59:59 UTC
transformers-starscream-api-stage.magazineluiza.com.br,*.magazineluiza.com.br,2025-05-08 00:00:00 UTC,2026-06-07 23:59:59 UTC
transformers-wheelie-api-stage.magazineluiza.com.br,,ERRO: connect:errno=0,ERRO: connect:errno=0
transformers-witwicky-api-gcp.magazineluiza.com.br,*.magazineluiza.com.br,2025-05-08 00:00:00 UTC,2026-06-07 23:59:59 UTC
transformers-witwicky-api-stage-gcp.magazineluiza.com.br,*.magazineluiza.com.br,2025-05-08 00:00:00 UTC,2026-06-07 23:59:59 UTC
transformers-witwicky-api-stage.magazineluiza.com.br,*.magazineluiza.com.br,2025-05-08 00:00:00 UTC,2026-06-07 23:59:59 UTC
transformers-witwicky-api.magazineluiza.com.br,*.magazineluiza.com.br,2025-05-08 00:00:00 UTC,2026-06-07 23:59:59 UTC
transformers.magazineluiza.com.br,*.magazineluiza.com.br,2025-05-08 00:00:00 UTC,2026-06-07 23:59:59 UTC
transportador-dash-api-origin.magazineluiza.com.br,magazineluiza.com.br,2026-05-15 13:26:32 UTC,2026-11-30 13:26:31 UTC
transportador-dash-origin.magazineluiza.com.br,magazineluiza.com.br,2026-05-15 13:26:32 UTC,2026-11-30 13:26:31 UTC
transportador-tracking-origin.magazineluiza.com.br,magazineluiza.com.br,2026-05-15 13:26:32 UTC,2026-11-30 13:26:31 UTC
treinamentos.magazineluiza.com.br,,ERRO: connect:errno=11,ERRO: connect:errno=11
trocas-debug.magazineluiza.com.br,,ERRO: connect:errno=0,ERRO: connect:errno=0
trocas-hml.magazineluiza.com.br,,ERRO: connect:errno=0,ERRO: connect:errno=0
tst-1.magazineluiza.com.br,,ERRO: connect:errno=0,ERRO: connect:errno=0
tst-2.magazineluiza.com.br,,ERRO: connect:errno=0,ERRO: connect:errno=0
tst-3.magazineluiza.com.br,,ERRO: connect:errno=0,ERRO: connect:errno=0
tst-4.magazineluiza.com.br,,ERRO: timeout na conexão,ERRO: timeout na conexão
tst-5.magazineluiza.com.br,,ERRO: connect:errno=11,ERRO: connect:errno=11
tst-api.magazineluiza.com.br,,ERRO: connect:errno=0,ERRO: connect:errno=0
tst-apu.magazineluiza.com.br,,ERRO: connect:errno=0,ERRO: connect:errno=0
tst-mcd.magazineluiza.com.br,,ERRO: connect:errno=0,ERRO: connect:errno=0
tst-mkt.magazineluiza.com.br,,ERRO: connect:errno=0,ERRO: connect:errno=0
tst-search.magazineluiza.com.br,,ERRO: connect:errno=0,ERRO: connect:errno=0
tst-wifi.magazineluiza.com.br,,ERRO: connect:errno=11,ERRO: connect:errno=11
tsukuyomi-worker-api-stage.magazineluiza.com.br,,ERRO: timeout na conexão,ERRO: timeout na conexão
tsukuyomi-worker-api.magazineluiza.com.br,,ERRO: connect:errno=11,ERRO: connect:errno=11
turco-internal.magazineluiza.com.br,,ERRO: timeout na conexão,ERRO: timeout na conexão
tv-staging.magazineluiza.com.br,,ERRO: connect:errno=0,ERRO: connect:errno=0
tweety-internal.magazineluiza.com.br,magazineluiza.com.br,2026-05-15 13:26:32 UTC,2026-11-30 13:26:31 UTC
tweety-sandbox.magazineluiza.com.br,,ERRO: timeout na conexão,ERRO: timeout na conexão
tweety.magazineluiza.com.br,magazineluiza.com.br,2026-05-15 13:26:32 UTC,2026-11-30 13:26:31 UTC
twin-products-information-staging.magazineluiza.com.br,,ERRO: connect:errno=11,ERRO: connect:errno=11
twin-products-information-temp.magazineluiza.com.br,,ERRO: timeout na conexão,ERRO: timeout na conexão
uhura-api-stage.magazineluiza.com.br,,ERRO: connect:errno=11,ERRO: connect:errno=11
ui-1.magazineluiza.com.br,,ERRO: timeout na conexão,ERRO: timeout na conexão
umail.magazineluiza.com.br,,ERRO: timeout na conexão,ERRO: timeout na conexão
uncle-chan-admin-temp.magazineluiza.com.br,,ERRO: timeout na conexão,ERRO: timeout na conexão
uncle-chan-api-internal.magazineluiza.com.br,,ERRO: timeout na conexão,ERRO: timeout na conexão
uncle-chan-api-staging-internal.magazineluiza.com.br,,ERRO: timeout na conexão,ERRO: timeout na conexão
uncle-chan-api-temp.magazineluiza.com.br,,ERRO: timeout na conexão,ERRO: timeout na conexão
update-manager-api.magazineluiza.com.br,,ERRO: timeout na conexão,ERRO: timeout na conexão
upload-cad-prod.magazineluiza.com.br,,ERRO: timeout na conexão,ERRO: timeout na conexão
us-1.www.magazineluiza.com.br,,ERRO: timeout na conexão,ERRO: timeout na conexão
users-ms-gcp.magazineluiza.com.br,,ERRO: timeout na conexão,ERRO: timeout na conexão
users-ms-gtw.magazineluiza.com.br,magazineluiza.com.br,2026-05-15 13:26:32 UTC,2026-11-30 13:26:31 UTC
users-ms-staging.magazineluiza.com.br,portal.qa.causeway.com,2026-04-19 19:51:16 UTC,2026-07-18 20:45:30 UTC
users-ms-teresa-staging.magazineluiza.com.br,,ERRO: timeout na conexão,ERRO: timeout na conexão
users-ms-teresa-temp.magazineluiza.com.br,rtb-mock-vendor-api.cco.dev,2026-05-28 19:46:53 UTC,2026-08-26 20:39:46 UTC
users-ms-teresa.magazineluiza.com.br,magazineluiza.com.br,2026-05-15 13:26:32 UTC,2026-11-30 13:26:31 UTC
users-ms-v2-pontos-fisicos-a.magazineluiza.com.br,,ERRO: timeout na conexão,ERRO: timeout na conexão
users-ms-v2-staging-gcp.magazineluiza.com.br,,ERRO: timeout na conexão,ERRO: timeout na conexão
users-ms.magazineluiza.com.br,magazineluiza.com.br,2026-05-15 13:26:32 UTC,2026-11-30 13:26:31 UTC
uvn6fgr2snnvxpnq53k6r4mbm2yguhw4._domainkey.magazineluiza.com.br,,ERRO: timeout na conexão,ERRO: timeout na conexão
v1-blue.magazineluiza.com.br,,ERRO: timeout na conexão,ERRO: timeout na conexão
v1-cache-01.magazineluiza.com.br,,ERRO: timeout na conexão,ERRO: timeout na conexão
v1-cache-02.magazineluiza.com.br,,ERRO: timeout na conexão,ERRO: timeout na conexão
v1-cache-03.magazineluiza.com.br,,ERRO: timeout na conexão,ERRO: timeout na conexão
v1-cache-04.magazineluiza.com.br,,ERRO: timeout na conexão,ERRO: timeout na conexão
v1-cache-05.magazineluiza.com.br,,ERRO: timeout na conexão,ERRO: timeout na conexão
v1-cache-06.magazineluiza.com.br,,ERRO: timeout na conexão,ERRO: timeout na conexão
v1-green.magazineluiza.com.br,,ERRO: timeout na conexão,ERRO: timeout na conexão
v1-solr-novo.magazineluiza.com.br,,ERRO: timeout na conexão,ERRO: timeout na conexão
v1-stock.magazineluiza.com.br,,ERRO: timeout na conexão,ERRO: timeout na conexão
vai-vem-worker-staging.magazineluiza.com.br,,ERRO: connect:errno=0,ERRO: connect:errno=0
valkyrie-api.magazineluiza.com.br,,ERRO: connect:errno=0,ERRO: connect:errno=0
valkyrie-staging.magazineluiza.com.br,,ERRO: connect:errno=0,ERRO: connect:errno=0
valkyrie.magazineluiza.com.br,,ERRO: connect:errno=0,ERRO: connect:errno=0
vanellope-staging.magazineluiza.com.br,,ERRO: timeout na conexão,ERRO: timeout na conexão
vanellope.magazineluiza.com.br,*.magazineluiza.com.br,2025-05-08 00:00:00 UTC,2026-06-07 23:59:59 UTC
var-staging.magazineluiza.com.br,,ERRO: timeout na conexão,ERRO: timeout na conexão
vendedor-staging.magazineluiza.com.br,,ERRO: timeout na conexão,ERRO: timeout na conexão
viagens.magazineluiza.com.br,,ERRO: connect:errno=0,ERRO: connect:errno=0
vivaldi-sandbox.magazineluiza.com.br,,ERRO: timeout na conexão,ERRO: timeout na conexão
vivaldi-us.magazineluiza.com.br,www.bevybevy.com,2026-04-27 21:56:52 UTC,2026-07-26 22:49:44 UTC
vivaldi.magazineluiza.com.br,magazineluiza.com.br,2026-05-15 13:26:32 UTC,2026-11-30 13:26:31 UTC
voucher-api-prd-internal.magazineluiza.com.br,magazineluiza.com.br,2026-05-15 13:26:32 UTC,2026-11-30 13:26:31 UTC
vpnfail.magazineluiza.com.br,,ERRO: timeout na conexão,ERRO: timeout na conexão
vpnmvr.magazineluiza.com.br,,ERRO: timeout na conexão,ERRO: timeout na conexão
vpntemp.magazineluiza.com.br,,ERRO: timeout na conexão,ERRO: timeout na conexão
vpntemp.magazineluiza.com.brmagazineluiza.com.br,,ERRO: connect:errno=0,ERRO: connect:errno=0
w3net-integracao-staging.magazineluiza.com.br,,ERRO: connect:errno=0,ERRO: connect:errno=0
wackyraces-api-staging.magazineluiza.com.br,,ERRO: connect:errno=0,ERRO: connect:errno=0
wackyraces-api.magazineluiza.com.br,,ERRO: connect:errno=0,ERRO: connect:errno=0
waternoose-staging.magazineluiza.com.br,,ERRO: timeout na conexão,ERRO: timeout na conexão
waylon-smithers-api.magazineluiza.com.br,magazineluiza.com.br,2026-05-15 13:26:32 UTC,2026-11-30 13:26:31 UTC
web-ml-schedule-staging.magazineluiza.com.br,,ERRO: timeout na conexão,ERRO: timeout na conexão
web-whatsapp-staging.magazineluiza.com.br,,ERRO: connect:errno=0,ERRO: connect:errno=0
webmail.magazineluiza.com.br,,ERRO: timeout na conexão,ERRO: timeout na conexão
webmail1.magazineluiza.com.br,,ERRO: timeout na conexão,ERRO: timeout na conexão
webmailsp.magazineluiza.com.br,,ERRO: timeout na conexão,ERRO: timeout na conexão
webmailsp2.magazineluiza.com.br,,ERRO: timeout na conexão,ERRO: timeout na conexão
wh-admin-gcp-internal.magazineluiza.com.br,,ERRO: timeout na conexão,ERRO: timeout na conexão
wh-lote-balboa-wis-fulfillment-internal.magazineluiza.com.br,magazineluiza.com.br,2026-05-15 13:26:32 UTC,2026-11-30 13:26:31 UTC
wh-lote-balboa-wis-fulfillment-staging-internal.magazineluiza.com.br,,ERRO: timeout na conexão,ERRO: timeout na conexão
wh-lote-balboa-wis-fulfillment-staging.magazineluiza.com.br,,ERRO: write:errno=0,ERRO: write:errno=0
wh-lote-balboa-wis-fulfillment.magazineluiza.com.br,magazineluiza.com.br,2026-05-15 13:26:32 UTC,2026-11-30 13:26:31 UTC
wh-lote-balboa-wis-internal.magazineluiza.com.br,magazineluiza.com.br,2026-05-15 13:26:32 UTC,2026-11-30 13:26:31 UTC
wh-lote-balboa-wis-pilot-internal-temp.magazineluiza.com.br,,ERRO: timeout na conexão,ERRO: timeout na conexão
wh-lote-balboa-wis-pilot-internal.magazineluiza.com.br,,ERRO: timeout na conexão,ERRO: timeout na conexão
wh-lote-balboa-wis-pilot-temp.magazineluiza.com.br,,ERRO: write:errno=0,ERRO: write:errno=0
wh-lote-balboa-wis-staging-internal.magazineluiza.com.br,,ERRO: timeout na conexão,ERRO: timeout na conexão
wh-lote-balboa-wis.magazineluiza.com.br,magazineluiza.com.br,2026-05-15 13:26:32 UTC,2026-11-30 13:26:31 UTC
wh-order-integration-api-stage.magazineluiza.com.br,,ERRO: connect:errno=0,ERRO: connect:errno=0
wh-order-integration-api.magazineluiza.com.br,,ERRO: connect:errno=0,ERRO: connect:errno=0
wh-order-status-update-api-internal.magazineluiza.com.br,,ERRO: timeout na conexão,ERRO: timeout na conexão
wh-order-status-update-api-stage-internal.magazineluiza.com.br,,ERRO: timeout na conexão,ERRO: timeout na conexão
wh-order-status-update-api-stage.magazineluiza.com.br,apigee.unieuro.com,2026-04-28 22:25:07 UTC,2026-07-27 23:19:21 UTC
wh-order-status-update-api.magazineluiza.com.br,ovintiv.whitson.com,2026-04-28 22:26:26 UTC,2026-07-27 23:20:19 UTC
wh-pcp-api-carga.magazineluiza.com.br,,ERRO: connect:errno=0,ERRO: connect:errno=0
wh-spring-boot-admin-staging.magazineluiza.com.br,,ERRO: timeout na conexão,ERRO: timeout na conexão
wh-wave-update-api-staging-internal.magazineluiza.com.br,,ERRO: timeout na conexão,ERRO: timeout na conexão
wh-wave-update-api-staging.magazineluiza.com.br,,ERRO: write:errno=0,ERRO: write:errno=0
whatsapp-external-temp.magazineluiza.com.br,,ERRO: connect:errno=0,ERRO: connect:errno=0
whatsapp-origin.magazineluiza.com.br,magazineluiza.com.br,2026-05-15 13:26:32 UTC,2026-11-30 13:26:31 UTC
whatsapp-prod-2.magazineluiza.com.br,,ERRO: timeout na conexão,ERRO: timeout na conexão
whatsapp-prod-blue.magazineluiza.com.br,,ERRO: timeout na conexão,ERRO: timeout na conexão
whatsapp-prod.magazineluiza.com.br,,ERRO: timeout na conexão,ERRO: timeout na conexão
whatsapp-staging-gcp.magazineluiza.com.br,,ERRO: timeout na conexão,ERRO: timeout na conexão
whatsapp-staging.magazineluiza.com.br,,ERRO: timeout na conexão,ERRO: timeout na conexão
whatsapp-temp.magazineluiza.com.br,,ERRO: timeout na conexão,ERRO: timeout na conexão
will-byers-api-staging.magazineluiza.com.br,,ERRO: timeout na conexão,ERRO: timeout na conexão
will-byers-api-staging35.190.137.154.magazineluiza.com.br,,ERRO: timeout na conexão,ERRO: timeout na conexão
will-byers-api.magazineluiza.com.br,,ERRO: write:errno=0,ERRO: write:errno=0
willie-api-staging.magazineluiza.com.br,,ERRO: timeout na conexão,ERRO: timeout na conexão
wilsonfisk-stage.magazineluiza.com.br,,ERRO: timeout na conexão,ERRO: timeout na conexão
wilsonfiskapi-stage.magazineluiza.com.br,,ERRO: timeout na conexão,ERRO: timeout na conexão
witwicky-transformers-logistica-temp.magazineluiza.com.br,*.magazineluiza.com.br,2025-05-08 00:00:00 UTC,2026-06-07 23:59:59 UTC
witwicky-transformers-logistica.magazineluiza.com.br,*.magazineluiza.com.br,2025-05-08 00:00:00 UTC,2026-06-07 23:59:59 UTC
witwicky.magazineluiza.com.br,*.magazineluiza.com.br,2025-05-08 00:00:00 UTC,2026-06-07 23:59:59 UTC
wolverine-sandbox.magazineluiza.com.br,,ERRO: connect:errno=0,ERRO: connect:errno=0
wolverine-worker.magazineluiza.com.br,,ERRO: timeout na conexão,ERRO: timeout na conexão
wolverine.magazineluiza.com.br,,ERRO: connect:errno=0,ERRO: connect:errno=0
wonderbot-worker-sub-stage.magazineluiza.com.br,*.magazineluiza.com.br,2025-05-08 00:00:00 UTC,2026-06-07 23:59:59 UTC
worker-carga-cancelamento-manual.magazineluiza.com.br,,ERRO: connect:errno=0,ERRO: connect:errno=0
ws-cadastro-cliente-ejb-sandbox.magazineluiza.com.br,,ERRO: timeout na conexão,ERRO: timeout na conexão
ws-campanha-ejb-sandbox.magazineluiza.com.br,,ERRO: timeout na conexão,ERRO: timeout na conexão
ws-cliente-ejb-sandbox.magazineluiza.com.br,,ERRO: timeout na conexão,ERRO: timeout na conexão
ws-desfazimento-tef-staging.magazineluiza.com.br,,ERRO: timeout na conexão,ERRO: timeout na conexão
ws-desfazimento-tef-temp.magazineluiza.com.br,*.niveussolutions.com,2025-07-03 08:59:47 UTC,2026-07-07 15:10:35 UTC
ws-desfazimento-tef.magazineluiza.com.br,*.niveussolutions.com,2025-07-03 08:59:47 UTC,2026-07-07 15:10:35 UTC
ws-eliminador-pendencia-ctf-mgc.magazineluiza.com.br,magazineluiza.com.br,2026-05-15 13:26:32 UTC,2026-11-30 13:26:31 UTC
ws-funcionario-ejb-sandbox.magazineluiza.com.br,,ERRO: timeout na conexão,ERRO: timeout na conexão
ws-pedido-ejb-sandbox.magazineluiza.com.br,,ERRO: timeout na conexão,ERRO: timeout na conexão
ws-produto-ejb-sandbox.magazineluiza.com.br,,ERRO: timeout na conexão,ERRO: timeout na conexão
ws-servico-ejb-sandbox.magazineluiza.com.br,,ERRO: timeout na conexão,ERRO: timeout na conexão
wvvw.magazineluiza.com.br,,ERRO: connect:errno=0,ERRO: connect:errno=0
ww1.magazineluiza.com.br,,ERRO: connect:errno=0,ERRO: connect:errno=0
www-sp.magazineluiza.com.br,,ERRO: connect:errno=0,ERRO: connect:errno=0
www-us.magazineluiza.com.br,,ERRO: connect:errno=0,ERRO: connect:errno=0
www.abraceonovo.magazineluiza.com.br,,ERRO: write:errno=0,ERRO: write:errno=0
www.ri.magazineluiza.com.br,,ERRO: connect:errno=0,ERRO: connect:errno=0
www.seguroautomotivo.magazineluiza.com.br,,ERRO: timeout na conexão,ERRO: timeout na conexão
www.spy.magazineluiza.com.br,,ERRO: connect:errno=0,ERRO: connect:errno=0
www.spz.magazineluiza.com.br,,ERRO: connect:errno=0,ERRO: connect:errno=0
www.us-blue.magazineluiza.com.br,,ERRO: connect:errno=0,ERRO: connect:errno=0
www.us-green.magazineluiza.com.br,,ERRO: connect:errno=0,ERRO: connect:errno=0
www1.magazineluiza.com.br,,ERRO: connect:errno=0,ERRO: connect:errno=0
wwwgreen.magazineluiza.com.br,,ERRO: connect:errno=0,ERRO: connect:errno=0
x67ujlectp33tobfmsjnmx2ctv6zxu6g._domainkey.magazineluiza.com.br,,ERRO: connect:errno=0,ERRO: connect:errno=0
x9-api-staging.magazineluiza.com.br,,ERRO: timeout na conexão,ERRO: timeout na conexão
x9-api.magazineluiza.com.br,,ERRO: write:errno=0,ERRO: write:errno=0
xml-inspector-api-origin.magazineluiza.com.br,magazineluiza.com.br,2026-05-15 13:26:32 UTC,2026-11-30 13:26:31 UTC
xml-inspector-api.magazineluiza.com.br,magazineluiza.com.br,2026-05-15 13:26:32 UTC,2026-11-30 13:26:31 UTC
xml.magazineluiza.com.br,,ERRO: connect:errno=0,ERRO: connect:errno=0
xororo-api-staging.magazineluiza.com.br,*.magazineluiza.com.br,2025-05-08 00:00:00 UTC,2026-06-07 23:59:59 UTC
xororo-api.magazineluiza.com.br,magazineluiza.com.br,2026-05-15 13:26:32 UTC,2026-11-30 13:26:31 UTC
xr5qzoccwlclvhpihpoap6jto34ipi2h._domainkey.magazineluiza.com.br,,ERRO: connect:errno=0,ERRO: connect:errno=0
yoyo-staging.magazineluiza.com.br,,ERRO: connect:errno=0,ERRO: connect:errno=0
yz6m3tb353w6lok6rr3gjqmjfr74jcp7._domainkey.cob.magazineluiza.com.br,,ERRO: connect:errno=0,ERRO: connect:errno=0
zendeskverification.magazineluiza.com.br,,ERRO: connect:errno=0,ERRO: connect:errno=0
zloabii42uiz.magazineluiza.com.br,,ERRO: connect:errno=0,ERRO: connect:errno=0
zoidberg-tst-gcp.magazineluiza.com.br,,ERRO: timeout na conexão,ERRO: timeout na conexão
zoidberg.tst-mkt.magazineluiza.com.br,,ERRO: connect:errno=0,ERRO: connect:errno=0
